id,name,content,source,is_train_set,coach_run_id,created_at,updated_at
66,1,"[{""turn"": 1, ""coach"": ""听到公公这样的说法，您当时心里是什么感受？"", ""parent"": ""我公公当时就有点不高兴，说现在的父母太软弱，孩子要学会抗压。""}, {""turn"": 2, ""coach"": ""所以，您一方面感到自己的想法没有被理解，另一方面也担心公公的“抗压”论会对家豪造成影响。您更担心的是哪方面呢？"", ""parent"": ""我觉得很无奈，也有点生气，感觉自己的好意被曲解了，而且我担心这种观念会影响到家豪。""}, {""turn"": 3, ""coach"": ""您的意思是，您担心爷爷强调“抗压”和高期望，会让家豪自我评价降低，缺乏自信，甚至害怕尝试新事物。这是您希望我们关注的方向吗？"", ""parent"": ""我担心他会觉得自己不够好，达不到爷爷的期望，变得越来越不自信，甚至不敢尝试新东西。""}, {""turn"": 4, ""coach"": ""您观察到家豪在数学学习上有些退缩，同时非常在意同伴的看法，一次没被邀请参加派对就让他觉得自己“失败”。关于他在意他人看法这一点，能具体说说那次派对的事情吗？"", ""parent"": ""是的，我觉得他现在在数学上就有点畏难情绪了，而且越来越在意别人怎么看他，比如上次没被邀请参加同学的生日派对，他就觉得自己不酷，很失败。""}, {""turn"": 5, ""coach"": ""没收到邀请，他觉得被排斥，并认为是因为自己不够好，甚至觉得“大家”都不喜欢他。您当时是怎样回应他的这种情绪的呢？"", ""parent"": ""他放学回来就闷闷不乐，后来告诉我班上一个很受欢迎的同学开生日派对，好多人都收到了邀请，但他没有，他就觉得是不是自己哪里不好，大家都不喜欢他。""}, {""turn"": 6, ""coach"": ""您尝试用道理来开导他，但他的情绪并没有立刻好转，还在哭泣。后来发生了什么？"", ""parent"": ""我告诉他一次派对不能说明什么，不能定义他的社交地位，但他还是很难过，不停地抽泣。""}, {""turn"": 7, ""coach"": ""他希望通过一双名牌鞋来融入同伴群体。听到他这个请求，您当时的想法是什么？"", ""parent"": ""后来他就求我给他买一双很贵的名牌运动鞋，说是那些“受欢迎的孩子”都穿的那种，觉得这样能帮他融入。""}, {""turn"": 8, ""coach"": ""您既理解他渴望被接纳的心情，又不希望他认为友谊和物质有关。这种矛盾感让您当时是怎样回应他的呢？"", ""parent"": ""我很矛盾，一方面我理解他想被接纳的心情，另一方面我不想让他觉得物质能决定友谊。""}, {""turn"": 9, ""coach"": ""您提出了其他的建议，但他反应激烈，提到了家庭经济状况。这时爷爷听到了，然后呢？"", ""parent"": ""我建议我们看看其他性价比高的选择，但他反应很大，还说我们家有钱为什么不能买，这话正好被他爷爷听到了。""}, {""turn"": 10, ""coach"": ""爷爷进行了关于价值观的教育，但这似乎让家豪更加沮丧。当时您和孩子爸爸在场吗？您当时做了什么？"", ""parent"": ""结果就是爷爷开始说教，讲什么正确的价值观，不能被物质绑架，家豪听得更沮丧了。""}]",0,t,,2025-09-08 10:44:21.372646+08,2025-09-08 10:44:21.372646+08
65,2,"[{""turn"": 1, ""coach"": ""核心是让她感觉到自己的情绪被看见和接纳了，比如简单说“听起来你因为担心考试而很焦虑”。您觉得她听到这样的话会有什么不同？"", ""parent"": ""回应情绪本身？我好像做得不太够，我更多是想帮她解决问题，比如分析原因或者让她放松。直接回应情绪，具体该怎么做呢？""}, {""turn"": 2, ""coach"": ""是的，这种被理解的感觉很重要。试试用“听上去这件事让你感到____，我说得对吗？”这样的句式，去核对你对她情绪的理解。"", ""parent"": ""嗯…也许她会觉得我真的理解她了，而不是只想着让她快点睡觉或者别担心。可能会让她感觉不那么孤单吧。""}, {""turn"": 3, ""coach"": ""这个表达很贴切，能让她感受到被理解。在做好了情绪回应后，我们再来看可以和她一起探索哪些放松或调节的方法。"", ""parent"": ""好的，比如“听上去没睡好让你感到很沮丧，担心影响白天的学习，我说得对吗？”这样吗？这确实比直接说“别担心”要好。""}, {""turn"": 4, ""coach"": ""有些简单的呼吸练习能帮助身体放松下来，比如专注于缓慢地吸气和呼气。您觉得这个方法她可能接受吗？"", ""parent"": ""嗯，您之前提到除了陪伴，还有什么方式能给她踏实感。我们聊到写日记，还有其他她可以自己尝试的放松方法吗？""}, {""turn"": 5, ""coach"": ""是的，主动调节往往更有掌控感。除了放松身体，也可以引导她留意和挑战那些自动化的负面想法，比如“睡不好就一定学不好”这个想法。"", ""parent"": ""呼吸练习？听起来不难，应该可以试试。之前试过听音乐没用，这种需要她自己主动去做的也许不同。""}, {""turn"": 6, ""coach"": ""可以试试提问，比如“有没有哪次睡得不太好，但白天状态还可以的时候？”引导她自己去寻找一个突破口。"", ""parent"": ""挑战想法？这个好像有点难。怎么引导她去挑战呢？她似乎很确信这一点。""}, {""turn"": 7, ""coach"": ""正是这个思路。另外，关于您担心的“陪伴依赖”问题，我们也可以想想如何调整陪伴的方式。"", ""parent"": ""嗯，寻找突破口…也许可以问问她，或者我们一起回忆一下。让她自己发现可能睡不好和学不好之间不是绝对的等号。""}, {""turn"": 8, ""coach"": ""也许可以尝试逐步缩短陪伴时间，或者约定一个固定的睡前“陪伴时光”，而不是等她睡不着才介入？"", ""parent"": ""对，我很想知道怎么做。既能给她支持，又不至于让她完全依赖我才能睡着。""}, {""turn"": 9, ""coach"": ""是的，这种可预期的关怀能提供稳定感。您之前提到过她小时候喜欢睡前阅读，这也可以是“陪伴时光”的一种内容。"", ""parent"": ""固定的“陪伴时光”？比如睡前聊十分钟或者给她按按头？这听起来是个办法，让她知道我一直在，但不是必须等我来才能睡。""}, {""turn"": 10, ""coach"": ""这听起来是个温馨的主意，也是培养积极情绪的好方式。和她商量并尊重她的意愿很重要。"", ""parent"": ""睡前阅读！对，我差点忘了。也许可以和她商量一下，看看她现在还愿不愿意尝试，选一些轻松的书一起看看。""}]",0,t,,2025-09-08 10:44:21.372646+08,2025-09-08 10:44:21.372646+08
64,3,"[{""turn"": 1, ""coach"": ""林女士，听到您分享这些情况，我能感受到您内心的焦虑和不安。看着曾经亲密的母女关系发生变化，同时还担心网络安全问题，这种心情确实很复杂。青春期的孩子开始寻求独立和自我认同是很常见的，但这个过程对父母来说往往充满挑战。您和丈夫对此有不同看法，这也给您增加了额外的压力。在女儿开始这些变化之前，您们的母女关系是怎样的呢？"", ""parent"": ""谢谢老师理解我的担忧。说实话，这些变化大概是从半年前开始的，就是她上初二之后。刚开始只是偶尔看一些动画片，我也没太在意。但是这三四个月，情况越来越严重了。她现在放学回家第一件事就是关上房门看动画，周末作业也要拖到最后才做。其实最让我担心的是，她在微信上加了很多我不认识的人，有些可能还是成年人。有一次，我趁她上学时看了她的iPad，发现她在那些群里用的语言很粗俗，完全不像我们教育她的样子。更可怕的是，她把我和她爸爸都在微信上屏蔽了，我们根本看不到她发什么。我觉得她在慢慢变成另一个人，一个我不认识的人。我跟她谈过，结果大吵一架。她说我侵犯她的隐私，不尊重她。我丈夫倒是觉得我反应过度，他说这只是青春期正常现象，说他弟弟当年还染蓝头发听摇滚呢，现在不也是正经会计吗？但我真的很担心啊。现在网络上那么多危险，那些陌生人到底是什么人？他们会给她灌输什么想法？她以前那么听话，我们关系那么好，为什么突然就变成这样了？我不知道这是正常的青少年叛逆还是真的出了问题。我该严格管教她还是给她空间？我真的不知道该怎么办才好。""}, {""turn"": 2, ""coach"": ""林女士，听您描述从前和女儿的关系，我能感受到那种温馨和亲密确实非常珍贵。您为女儿付出了那么多心血，精心安排她的学习和成长，看到这些努力似乎一夜之间就改变了，这种失落感和困惑是完全可以理解的。青春期的孩子开始寻求独立自主是很自然的过程，但这个转变对父母来说常常是心痛的。除了对动漫的兴趣，您女儿现在还有什么其他的爱好或者活动是她热衷参与的吗？"", ""parent"": ""以前我和小美关系特别好，真的特别好。那个时候她什么事都跟我说，放学回来第一件事就是跟我分享学校里发生的事情。周末我们一起逛街，一起买衣服，她还会让我帮她挑。她的作业我也经常辅导，她有不懂的地方都会主动来问我。我觉得我们之前就像朋友一样亲密。她小时候学钢琴，每次表演我都去，还拍好多照片发朋友圈，亲戚朋友都夸她懂事，夸我教育得好。去年过年时，她在家庭聚会上弹钢琴，大家都说我们家小美真有礼貌，教养真好，我表姐还专门问我育儿经验呢。其实我一直很注重她的教育，给她报最好的学校，找最好的英语老师，安排好各种学习和兴趣班。我希望她能全面发展，将来考上好大学。她以前也很配合，学习很自觉，成绩一直名列前茅，是老师眼中的好学生，我们家的骄傲。我真的不明白为什么突然之间就变成现在这样了。以前她那么听我的话，我们那么亲密，怎么现在就变得我说什么她都反感，好像我是她的敌人一样？有时候我看着她紧闭的房门，想起以前她总是黏在我身边的样子，真的很难过。我在想，是不是我哪里做错了？还是说这真的只是正常的青春期？我真不知道该怎么面对这突如其来的变化。""}, {""turn"": 3, ""coach"": ""林女士，我能感受到您对女儿未来的关切和担忧。您精心为她安排各种有益的活动，希望她能全面发展，这体现了您作为母亲的爱与责任。看到她突然对这些活动失去兴趣，转而沉迷动漫文化，确实会让您感到困惑和担心。这种担忧是出于爱的，很多家长都会经历类似的挣扎。您有没有尝试过和女儿聊一聊，了解她为什么会这么喜欢动漫，这些内容对她来说有什么特别的吸引力呢？"", ""parent"": ""小美以前有很多爱好的。她从六岁开始学钢琴，水平挺不错的；还参加学校的英语演讲比赛，拿过奖呢；周末我还带她去少年宫学书法。这些活动对她将来申请好高中都有帮助。但现在啊，除了那些动画片，她好像对什么都不感兴趣了。钢琴课经常说不想去，书法课也不练了。她现在的“爱好”就是看动画、画那种动漫人物、在网上跟那些动漫群的人聊天。有时候还会买一些奇怪的动漫周边，花了不少钱呢。我觉得这些东西对她学习有什么帮助啊？浪费时间不说，还可能接触不好的东西。以前她会跟我一起看些有教育意义的节目，现在就只看那些夸张的动画，里面人物眼睛那么大，一点都不现实。其实我真的很担心，这些新爱好会不会影响她的学习？虽然目前成绩还可以，但我总觉得迟早会下滑。更重要的是，这些网上认识的朋友到底是什么人啊？他们会不会带坏她？我们辛辛苦苦培养了十几年的好孩子，真的不想被这些乱七八糟的东西毁了。有时候我在想，是不是我管得太严了？但如果不管，她会不会越来越叛逆？真的很难啊。""}, {""turn"": 4, ""coach"": ""林女士，我能真切地感受到您作为母亲的那份担忧和爱。当我们习惯了与孩子亲密无间的关系，突然发现沟通变得困难时，那种失落和焦虑确实令人心痛。您尝试理解女儿的兴趣并主动靠近，这份努力很值得肯定。青少年时期，孩子往往会寻找父母之外的认同和归属感，这是他们建立自我身份的自然过程。您觉得在小美的生活中，现在有什么事情或话题是你们还能比较轻松地一起分享或交流的吗？"", ""parent"": ""老师，我试过跟她聊，但效果不太好。有一次我坐在她床边，问她为什么这么喜欢那些动画片，她就很不耐烦地说“你不会懂的”，然后继续看她的iPad。我又问那些动画讲什么内容，她敷衍地说是关于友情和梦想的故事。说实话，我看了几集，就是些奇怪的人物做夸张的动作，说话声音特别尖，我真的不明白有什么好看的。有次我主动说要跟她一起看，想了解她喜欢的东西，结果没看多久她就说我问题太多，说我“破坏她的观看体验”。我就问她认识的那些网友是什么人，她就更不高兴了，说我总是怀疑她，不尊重她的交友自由。其实我只是想保护她啊。那些动漫群里都是些什么人呢？万一有坏人怎么办？我觉得很担心她被骗，或者学到不好的东西。我上网查过这些动漫文化，发现有些内容挺奇怪的，有的还挺暴力或者性暗示的，这对一个14岁的女孩子哪里合适啊？我真的不知道该怎么跟她沟通了。以前我们无话不谈，现在问她一句都像是在审问犯人一样。我在想，是不是我的方式不对？但我真的很怕她在我不知道的地方受到伤害。这些孩子现在接触的东西太多了，我们那时候哪有这么复杂啊，真是让人操心。""}, {""turn"": 5, ""coach"": ""林女士，您的话语中流露出深深的思念和担忧，这份情感让我感同身受。曾经那个与您亲密无间的小女孩突然变得疏远，这种变化确实令人心碎。您站在门外听着女儿的笑声却无法参与其中的那一刻，道出了许多父母在面对青春期孩子时的共同心境。这不是您的错，也不完全是因为您管得太严。在小美探索自我认同的过程中，这些动漫和网友可能给了她一种归属感和理解感，是她在这个年龄段特别需要的。您能否回想一下，最近有没有什么时刻，即使很短暂，您感觉到与女儿之间的连接是正面、温暖的？"", ""parent"": ""我跟小美的关系现在真的很紧张。我试过去了解她喜欢的那些动画片，坐在她旁边问这些片子讲什么，她就不耐烦地说“你不会懂的”，然后继续盯着iPad看。有一次我主动说要跟她一起看，想了解她的兴趣爱好，结果没看多久她就抱怨说我问题太多，说我“破坏她的观看体验”。我就是想了解她嘛，这有什么错呢？以前我们什么都能聊，现在问她一句话都像是在逼她似的。我问她那些网友是谁，她就更不高兴了，说我不尊重她，不信任她。其实我只是担心她安全啊！我真的很担心那些动漫群里都是些什么人。万一有坏人怎么办？我在网上查过这些动漫文化，发现有些内容挺奇怪的，有暴力的，有那种不健康的画面，这对一个14岁女孩子合适吗？现在我们家就像有堵墙，我的小美被关在另一边。有时候晚上我路过她房间，听见她在里面笑，我就站在门口想：是谁在逗她笑得这么开心，为什么不能是我呢？我的心里真的很酸很难受。我在想，是不是我做错了什么？还是我管得太严了？但我真的很怕她在我不知道的地方受到伤害。现在这些孩子接触的东西太多了，我们那会儿哪有这么复杂。老师，我真不知道该怎么办了。我就想回到以前那种她什么都愿意跟我说的日子。我好想我的小女儿啊，那个会拉着我的手，跟我分享学校里每件小事的小美，她去哪儿了？""}, {""turn"": 6, ""coach"": ""林女士，那些短暂但温暖的时刻——她称赞您做的红烧排骨，或是请您帮忙挑选衣服的瞬间，都在告诉我们，您女儿内心深处依然渴望与您连接。青春期的孩子常常需要在独立与依赖之间找平衡，虽然表面上推开父母，但内心仍需要您的爱和支持。您提到担心学习成绩和她的未来，这份关心源于爱，但有时候我们对孩子未来的期望，可能会让他们感到压力。您有没有想过，也许可以尝试从她的兴趣出发，比如问问她最喜欢的动漫角色是谁，以及她为什么喜欢这个角色？"", ""parent"": ""想找到最近和小美之间正面、温暖的时刻真的很难。我心里很难受，感觉我们之间的距离越来越远。不过，上周末有一次，我做了她小时候最爱吃的红烧排骨，她吃完后小声说了句“妈，做得很好吃”。那一刻我心里暖暖的，感觉我的小美还在那里。还有前天，她要参加学校活动，让我帮她挑了件衣服，我们有那么一会儿，好像回到了从前。但是这些时刻太短暂了，一下子就过去了。其实我很想抓住这些机会多聊几句，但又怕说错话惹她不高兴。以前我们能聊一整天，现在就只有这种几分钟的交流，然后她又回到她的世界里去了。我在想，是不是我太看重学习成绩了？可是不重视学习，她将来怎么有出息呢？我真的不明白那些动画片有什么好看的，为什么能让她这么着迷。那些网友给她什么我给不了的东西呢？我担心那些人会带坏她，担心她会学坏，担心她会被骗。每天晚上我都睡不好，想着她手机里都在聊些什么，那些我看不见的对话。我的小美变得我都不认识了。""}, {""turn"": 7, ""coach"": ""林女士，听着您描述这种心痛，我能感受到您内心深处的爱和担忧。这种感觉就像眼睁睁看着最亲近的人慢慢走远，却不知如何把她拉回来。您对女儿未来的关切是出于爱，但有时候我们表达关爱的方式可能会被青少年误解为控制或不信任。青春期的孩子正在寻找自己的身份认同，这个过程中她需要一些空间，但同时也需要知道无论发生什么，您都会在那里支持她。也许您可以尝试在不评判的情况下，真诚地告诉她：“我想了解你喜欢的东西，不是为了批评，而是因为我想了解现在的你。”"", ""parent"": ""让我通过动画片跟小美沟通，我心里有点犹豫。我试过看那些动画片，真的看不懂啊！那些夸张的人物，奇怪的故事，我实在不明白有什么吸引力。有一次我问她喜欢哪个角色，她就翻白眼说：“你问这个干嘛？反正你也不会真的感兴趣。”这话听得我心里特别难受。我觉得这些动画片没什么教育意义，浪费时间不说，还会影响她学习。现在初中阶段多重要啊，马上就要中考了，考不好高中怎么办？大学怎么办？将来工作怎么办？我们那会儿哪有时间整天看这些乱七八糟的东西啊。不过您说得对，她还会让我帮她挑衣服，还会夸我做的菜好吃，这说明她心里还是有我这个妈妈的，对吧？这么想我心里稍微好受一点。其实我只是想保护她，想让她有个好未来。但现在我真的不知道怎么跟她聊那些动画片了。我一开口她就觉得我是在批评她，我该怎么表现得真的对那些东西感兴趣呢？我又不会演戏啊。我心里很难受，就像有道墙把我和女儿隔开了。我好想回到从前，她什么事都跟我说，我们一起笑一起闹的日子。老师，您说我该怎么做？怎么才能让她知道，不管她喜欢什么，我都是爱她的，我只是担心她安全，担心她未来啊。我真的很想我的小美回来。""}, {""turn"": 8, ""coach"": ""林女士，我能感受到您内心的那份痛楚和思念。您不是不想理解女儿，而是真的不知道如何跨越这道突然出现的墙。其实，青少年寻找自我认同的过程中，往往不是对具体内容的认同那么重要，而是被理解、被尊重的感觉。也许您可以尝试不直接讨论动画内容，而是表达您对她作为独立个体的尊重：“我可能不完全理解你喜欢的东西，但我尊重你有自己的选择，我想了解的是你的感受和想法。”这样的沟通可能会慢慢打开一扇窗"", ""parent"": ""我心里真的很难受。我跟小美之间好像隔了一堵墙，怎么都过不去。我试过看她那些动画片，可真的看不懂啊！那些奇怪的人物，夸张的故事，我实在不明白有啥好看的。问她喜欢哪个角色，她就翻白眼说：“你问这个干嘛？反正你也不会真的感兴趣。”这话听着多伤心啊！我觉得这些动画片没啥用处，浪费时间不说，还会影响学习。现在初中这么关键，马上要中考了，考不好高中咋办？大学咋办？将来工作咋办？我们那会儿哪有时间看这些乱七八糟的东西啊。其实我就是担心那些网友是啥人。万一有坏人咋办？我在网上查过，有些动漫内容挺奇怪的，不适合小孩看。我每天晚上都睡不好，想着她手机里都聊些啥，那些我看不见的对话。不过您说得对，她还会让我帮挑衣服，还夸我做的菜好吃，这说明她心里还是有我这个妈的，对不？这么想我心里稍微好受点。我在想，我该咋跟她聊那些动画片呢？我一开口她就觉得我是在批评她。我咋才能表现得真的对那些东西感兴趣呢？我又不会演戏啊。我好想回到从前，她啥事都跟我说，我们一起笑一起闹的日子。我真的很想我的小美回来，想知道她咋想的，她为啥变成这样。我只是想保护她，想让她有个好未来。老师，我该咋做才能让她知道，不管她喜欢啥，我都是爱她的？""}, {""turn"": 9, ""coach"": ""林女士，这是一个很好的问题。尊重她的选择并不意味着忽视潜在的风险，而是以一种更开放和理解的方式去引导她。您可以和她一起探讨这些兴趣，同时表达您的担忧，但重点是让她知道您是出于爱和保护。比如，您可以这样说：“我知道你喜欢这些动画和网友，但我也有我的担忧，我想和你一起聊聊，看看有没有办法既能让你享受这些乐趣，又能保证你的安全。”这样可以让她感受到您既尊重她的选择，又关心她的安全。"", ""parent"": ""老师，您说得有道理。我确实太着急想了解她喜欢的东西，反而让她觉得我在批评她。我可能真的需要先尊重她的感受，而不是急着去评判那些动画片。不过，我担心尊重她的选择会不会让她觉得我可以忽视那些可能对她不好的东西？比如那些网友和一些不太健康的内容，我该怎么在尊重和保护之间找到平衡呢？""}, {""turn"": 10, ""coach"": ""林女士，真诚是关键。您可以从一些简单的问题开始，比如“你觉得这个角色为什么这么受欢迎？”或者“这个故事里有没有什么让你特别有感触的地方？”这些问题可以让她感受到您是真的想了解她的兴趣，而不是仅仅为了批评。同时，您可以分享一些自己的感受，比如“我看了这个动画，虽然有些地方我不太理解，但我能感受到你对它的热情，我很想知道是什么让你这么喜欢它。”这样的交流可以拉近你们的距离。"", ""parent"": ""嗯，这样听起来好像能缓和一些。我可以试试和她一起看看那些动画片，也许我能从中找到一些共同的话题。不过，我担心她会觉得我只是在敷衍她，而不是真的感兴趣。我该怎么让她相信我是真心想了解她的世界呢？""}]",0,t,,2025-09-08 10:44:21.372646+08,2025-09-08 10:44:21.372646+08
63,4,"[{""turn"": 1, ""coach"": ""您细致地尝试了各种方法却收效甚微，这种无力感确实让人困扰。能说说最近一次她失眠时，你们的具体互动过程吗？"", ""parent"": ""雨晴最近又连续三天失眠到凌晨四点，药也按时吃，环境也改善了，可就是不见好转。""}, {""turn"": 2, ""coach"": ""文学讨论似乎成了特别的安抚方式，您注意到这类深入交流后，她的入睡质量有什么不同吗？"", ""parent"": ""前天夜里她突然说想聊聊《红楼梦》的人物命运，我们靠在飘窗上讨论到两点，后来她倒是睡着了。""}, {""turn"": 3, ""coach"": ""这种放松后的自我责备确实棘手，您觉得在她心中，怎样的休息方式才是“正当”的呢？"", ""parent"": ""那次睡得比较沉，但第二天她又焦虑没复习功课，现在连这种谈话都不敢轻易进行了。""}, {""turn"": 4, ""coach"": ""这种永无止境的自我要求确实消耗心力，您观察到她在哪些时刻会暂时放下这种严苛标准？"", ""parent"": ""她总说除非完成所有计划，否则没资格休息。可计划永远做不完，就像西西弗斯的石头。""}, {""turn"": 5, ""coach"": ""这个觉察很有价值，您觉得现在17岁的雨晴，和12岁时需要的安全感有什么不同？"", ""parent"": ""只有给我讲解数学题时，她会眼睛发亮地说“这个解题思路是不是很妙”，那时倒像个纯粹享受知识的孩子。""}, {""turn"": 6, ""coach"": ""您精准地区分了两种恐惧的本质差异，这种洞察能帮助我们找到新的切入点。她可曾提过除了学业成就，还有什么能让她感到自我肯定？"", ""parent"": ""小时候她怕黑要开夜灯，现在怕的是“落后”，这种精神层面的恐惧更难以驱散。""}, {""turn"": 7, ""coach"": ""教与学的双重身份让她既享受又矛盾，如果我们把这种指导能力转化为学习策略呢？"", ""parent"": ""她指导妹妹写作文时特别有成就感，但马上又会说“这又不能提高我的物理成绩”。""}, {""turn"": 8, ""coach"": ""这种叙事天赋本身就是珍贵的学习资产，或许我们可以共同探索如何将这种能力转化为压力管理工具？"", ""parent"": ""倒是没想过这个角度，她确实擅长把复杂问题拆解成故事来讲。""}, {""turn"": 9, ""coach"": ""正是如此，而且您已经展现出对孩子思维模式的深刻理解，我们可以循序渐进地尝试将这种洞察转化为具体的干预策略。"", ""parent"": ""您意思是，把她失眠时的思维反刍转化为有建设性的自我对话？这需要专业指导吧？""}, {""turn"": 10, ""coach"": ""这个方法激发的创作热情确实可能影响作息，您觉得在哪个时间段进行这类转化练习，既能发挥优势又不干扰睡眠节律？"", ""parent"": ""上周试着让她把物理公式编成故事情节，结果她写到半夜反而更兴奋了。""}]",0,t,,2025-09-08 10:44:21.372646+08,2025-09-08 10:44:21.372646+08
62,5,"[{""turn"": 1, ""coach"": ""当时听到儿子说“你别管了”，您心里冒出来的第一个念头是什么？"", ""parent"": ""就像上次我问他周末作业多不多，他就很不高兴地说“你别管了”，当时我眼泪都快下来了。""}, {""turn"": 2, ""coach"": ""所以他那句话让您立刻觉得自己被嫌弃了，甚至感觉自己作为妈妈好像没那么被需要了，是吗？"", ""parent"": ""我就觉得他嫌我啰嗦，觉得我这个妈没用了，帮不上他什么了。""}, {""turn"": 3, ""coach"": ""养育孩子过程中的付出和期待，到这个阶段感受到这种落差，心里确实会很不是滋味。"", ""parent"": ""可不是嘛，感觉养个孩子，盼他长大，长大了就这样对你，心里真不是滋味。""}, {""turn"": 4, ""coach"": ""您担心他心理状态，并且观察到他不爱和同学玩，这个信息是您自己看到的还是听别人说的呢？"", ""parent"": ""老师，你说他这样是不是心理有什么问题啊？我看他也不爱跟同学玩。""}, {""turn"": 5, ""coach"": ""了解到老师反馈这个情况后，您是怎么想的，又是怎么做的呢？"", ""parent"": ""是他们班主任跟我说的，说他课间总是一个人待着，让我多关心关心。""}, {""turn"": 6, ""coach"": ""您当时问他是否受欺负，他回应说喜欢一个人，您对他的这个说法是怎么看的呢？"", ""parent"": ""我回家就问他是不是在学校受欺负了，他不承认，就说喜欢一个人。""}, {""turn"": 7, ""coach"": ""您觉得他这么说是为了不让您担心，除了这个原因，您觉得还有没有其他可能的情况存在呢？"", ""parent"": ""我不信，小孩子哪有喜欢一个人的，肯定是怕我担心才这么说的。""}, {""turn"": 8, ""coach"": ""这种觉得他有心事瞒着您的感觉，一直放在心里，对您自己有什么影响吗？"", ""parent"": ""我也想不出来别的了，反正我觉得他就是有心事瞒着我。""}, {""turn"": 9, ""coach"": ""听起来这份担心已经严重到影响您的吃饭和睡觉了，让您一直处在提心吊胆的状态，您最担心的具体是怕他出哪方面的事情呢？"", ""parent"": ""影响就是我吃不好睡不好，天天提心吊胆的，就怕他出什么事。""}, {""turn"": 10, ""coach"": ""您心里装着这么多对他的担心，从行为、人际到学业和未来，感觉您的很多希望都寄托在了儿子身上。"", ""parent"": ""怕他学坏，怕他被人欺负，怕他成绩掉下去以后没出路，我这辈子就指望他了。""}]",0,t,,2025-09-08 10:44:21.372646+08,2025-09-08 10:44:21.372646+08
61,6,"[{""turn"": 1, ""coach"": ""孩子推开您，这让您感到很无助。最近一次发生这样的情况，当时的情景是怎样的？"", ""parent"": ""老师，我真的不知道该怎么办了，家豪现在根本不愿意和我说话，每次想关心他都把我推开。""}, {""turn"": 2, ""coach"": ""您提到孩子吼着让您出去，这和以前乖乖吃水果的行为判若两人。当时您听到他那样说，心里是什么感受？"", ""parent"": ""就像上周六，他写作业时我送了三次水果，最后他直接吼着让我出去。以前他都会乖乖吃掉的，现在完全变了个人。""}, {""turn"": 3, ""coach"": ""被孩子拒绝，您感到被嫌弃，很怀念以前亲密的时光。您希望我们能帮助改善目前和孩子沟通的状况吗？"", ""parent"": ""我就想他是不是嫌弃我了？以前我们多亲密啊，现在连送个水果都嫌烦。""}, {""turn"": 4, ""coach"": ""您希望孩子不仅能和您交流，也希望他能拥有自己的朋友。这两个方面，哪个是您目前更希望先看到一些改变的？"", ""parent"": ""可他要真信任我，为什么不愿意和我说话？老师说他连朋友都不交，这样下去可怎么办...""}, {""turn"": 5, ""coach"": ""您很希望孩子能回到以前的状态，并且也在反思自己。您提到孩子“封闭”，具体是指哪些行为让您有这样的感觉？"", ""parent"": ""但这些都是问题啊！他以前不是这样的，现在整个人都封闭了，肯定是我哪里没做好...""}, {""turn"": 6, ""coach"": ""您观察到孩子认真负责的优点，但也担心他不够活泼开朗。您觉得孩子如果更开朗一些，对他来说会带来哪些不同？"", ""parent"": ""认真负责这点倒是，他书包总是理得整整齐齐。但光会整理书包有什么用？其他孩子都活泼开朗的...""}, {""turn"": 7, ""coach"": ""您为孩子付出了很多，但他的反应让您感到失落。您希望孩子能以什么样的方式回应您的关心呢？"", ""parent"": ""他做这些事时倒是很平静，但转头对我还是冷冰冰的。我每天给他准备水果点心，他根本不领情...""}, {""turn"": 8, ""coach"": ""您担心如果减少主动关心，孩子可能会忽略自己的需求。您希望孩子在需要帮助的时候，能够主动向您表达吗？"", ""parent"": ""那要是他真的一整天都不叫我怎么办？他现在本来就不怎么吃饭了...""}, {""turn"": 9, ""coach"": ""您在尝试放手和担心孩子自我照顾能力不足之间感到矛盾。您希望孩子在哪些方面能够提升自我照顾的能力？"", ""parent"": ""您是说...我可能太小看他了？可他毕竟才13岁，上次发烧都不知道自己量体温...""}, {""turn"": 10, ""coach"": ""您和孩子曾经有过非常亲密的时刻，而现在您也在思考，与成长中的孩子相处，可能需要调整方式。您希望我们一起探索哪些新的沟通方式呢？"", ""parent"": ""（抽泣）那时候他扑到我怀里笑得可甜了...可现在...（突然警醒）您是不是觉得我管得太多了？""}]",0,t,,2025-09-08 10:44:21.372646+08,2025-09-08 10:44:21.372646+08
60,7,"[{""turn"": 1, ""coach"": ""你担心的是表扬会让他不努力或不抗挫折，这种担心在你自己的成长经历或者教育经验里有遇到过类似的情况吗？"", ""parent"": ""我担心他一旦被表扬，就会觉得自己很了不起，然后就不努力了，或者遇到一点挫折就受不了。""}, {""turn"": 2, ""coach"": ""原来你自己的成长过程中很少得到表扬，并且感觉需要一直努力不敢放松，这和你现在担心浩然会因为表扬而不努力似乎有些关联？"", ""parent"": ""我小时候我妈就很少表扬我，她说怕我翘尾巴，我感觉自己一直都很努力，不敢放松。""}, {""turn"": 3, ""coach"": ""你有一个很强的信念是“严格要求才是负责任”，这个信念在哪些时候让你觉得特别坚定？"", ""parent"": ""可能是吧，我下意识地觉得严格要求才是负责任的表现，放松或者表扬太多是不对的。""}, {""turn"": 4, ""coach"": ""看到那些情况让你更确信严格是必要的，那你有没有观察到一些家庭，管得不那么“紧”，但孩子也发展得不错的情况？"", ""parent"": ""比如看到别的孩子因为家长管得松，学习习惯不好，成绩下滑，我就更觉得自己的坚持是对的。""}, {""turn"": 5, ""coach"": ""你想到你同事家这个例子，他们家那种“随和”的方式，和你家相比，具体有哪些不一样的地方让你印象深刻？"", ""parent"": ""嗯……好像也有，比如我同事家孩子，挺活泼开朗的，成绩也不错，他妈妈就比较随和。""}, {""turn"": 6, ""coach"": ""你留意到她家有更多轻松的互动，并且在孩子犯错时会先倾听，你觉得这样做对她孩子可能有什么影响？"", ""parent"": ""她好像更能跟孩子开玩笑，孩子犯了小错也不会立刻就批评，会先听听孩子怎么说。""}, {""turn"": 7, ""coach"": ""看到别人家孩子因为不同的沟通方式而更自信、更愿意表达，这和你希望浩然的状态有哪些是契合的吗？"", ""parent"": ""她孩子确实更自信，也愿意跟大人说话，不怕说错话似的。""}, {""turn"": 8, ""coach"": ""这个期望非常清晰，就是希望浩然自信并且愿意和你沟通，这为你尝试做些调整提供了很强的动力。"", ""parent"": ""这正是我希望的啊！我就是希望浩然能自信一点，有什么想法都能跟我说。""}, {""turn"": 9, ""coach"": ""确实，在习惯了批评的情况下，遇到像考试没考好这种具体状况时，要转变为鼓励会感觉很难，除了直接说他哪里不好，你觉得当时还可以关注些什么呢？"", ""parent"": ""道理是这样，但我一想到具体要做，比如他数学又没考好，我就不知道除了批评还能怎么“鼓励”他。""}, {""turn"": 10, ""coach"": ""听起来你觉得只关注那些“亮点”不太真诚，那除了分数结果，考试前后浩然付出的努力或者遇到的困难，有没有值得关注的地方？"", ""parent"": ""关注什么？卷面整洁？还是他至少及格了？这听起来有点自欺欺人。""}]",0,t,,2025-09-08 10:44:21.372646+08,2025-09-08 10:44:21.372646+08
59,8,"[{""turn"": 1, ""coach"": ""听起来小明最近的变化让您感到既困惑又着急，我理解得对吗？能说说最近一次他主动和您分享画作时的情景吗？"", ""parent"": ""小明最近老是把自己关在屋里画画，老师说他上课走神，作业也不交...我真的不知道该怎么办了。""}, {""turn"": 2, ""coach"": ""孩子用这种方式表达内心世界确实容易让家长担心。当他说不出画中含义时，您当时的第一反应是什么？"", ""parent"": ""他上次画了个黑漆漆的屋子，里头有个小人蹲在角落...我看了心里直发慌，问他也不肯说。""}, {""turn"": 3, ""coach"": ""这种急切想知道真相的心情完全可以理解。如果我们换个角度想，当孩子感受到您的焦虑时，可能会影响他敞开心扉的意愿，您觉得有这个可能性吗？"", ""parent"": ""我能有什么反应？急得直跺脚！问他是不是在学校受欺负了，他扭头就跑...""}, {""turn"": 4, ""coach"": ""您对孩子的在乎从每个字里都能感受到。在这“管与不管”之间，是否可能存在第三种应对方式？比如先观察他的情绪信号再决定介入程度？"", ""parent"": ""可我是他妈啊！不管不问难道就对了？上次邻居孩子过生日...""}, {""turn"": 5, ""coach"": ""完全理解您的时间被压缩到极限的状态。如果我们尝试每天找出三个“呼吸瞬间”——比如早餐时多看孩子一眼，回家时留意他的表情变化——这样的微观观察是否有可能实现？"", ""parent"": ""观察...我哪有这个时间？每天睁眼就是干活，回家还有三个孩子要顾...""}, {""turn"": 6, ""coach"": ""您能在忙碌中捕捉到这些细节，本身就很重要。有没有哪次您停下手里事情回应他的时刻？哪怕只是帮他拨一下头发？"", ""parent"": ""有时候瞥见他低头扒饭的样子，头发都遮住眼睛了...心里揪着疼，可转头又要去洗衣服。""}, {""turn"": 7, ""coach"": ""那个瞬间的联结非常珍贵。如果我们在日常生活中创造更多这样的“温情开关”，您觉得可能从哪些小事入手？"", ""parent"": ""上周三他发烧，我请了半天假...喂药时他突然抓住我的手，那眼神让我很感动。""}, {""turn"": 8, ""coach"": ""这个举动太有意义了！您发现了吗？当关注点从他的问题转移到兴趣时，反而创造了积极互动。"", ""parent"": ""他总盯着邻居小孩的百科全书...我悄悄捡了旧书给他，他整晚抱着睡。""}, {""turn"": 9, ""coach"": ""孩子的反复就像学步，摔跤恰恰说明在前进。如果我们用放大镜找细微变化，比如他抱书睡时的放松状态，会不会发现更多信号？"", ""parent"": ""可他第二天又躲起来了...这些努力有什么用？（揉搓衣角）""}, {""turn"": 10, ""coach"": ""这个哼歌的细节太棒了！当时您是怎么回应的？或者说，如果重演那个场景，您最想传递什么样的情感？"", ""parent"": ""（沉默片刻）昨晚他洗碗时...哼了段学校教的歌。""}]",0,t,,2025-09-08 10:44:21.372646+08,2025-09-08 10:44:21.372646+08
58,9,"[{""turn"": 1, ""coach"": ""谢谢您分享这个例子，当莹莹说作业难不想写，您主动提出帮助，但被她推开甚至哭了，那个时候您心里是什么感觉？"", ""parent"": ""比如昨天晚上写作业，她一看数学题就说难，不肯写，我就过去说“莹莹不怕，爷爷看看能不能帮你”，她就把我推开，后来还哭了。""}, {""turn"": 2, ""coach"": ""感觉您当时既感到挫败又特别替她着急，最后为了让她第二天不被批评，还是选择了帮她完成作业，这种帮她写作业的情况发生得多吗？"", ""parent"": ""我...我觉得挺挫败的，好心想帮她，她还不领情，又看她那么发愁，我心里就特别着急，后来...唉，还是趁她睡着帮她写了。""}, {""turn"": 3, ""coach"": ""您注意到最近帮她写作业的情况变多了，因为她好像对写作业越来越发愁和抗拒了。"", ""parent"": ""这个...以前偶尔，最近好像多了点，主要是她越来越不愿意写，一看题就发愁。""}, {""turn"": 4, ""coach"": ""您觉得她平时挺聪明的，但在学习这件事上却显得特别吃力，这让您感到很困惑，您觉得她“聪明”主要表现在哪些地方呢？"", ""parent"": ""是啊，我也不知道她怎么回事，明明挺聪明的孩子，怎么一到学习上就这么费劲呢？""}, {""turn"": 5, ""coach"": ""她在说话条理性和尤其画画方面表现很出色，老师也看到了她的天赋，但在课本知识学习上确实遇到了困难。"", ""parent"": ""她平时说话做事挺有条理的，尤其画画，画得特别好，老师都夸她有天赋，可就是一到课本知识就不行。""}, {""turn"": 6, ""coach"": ""困难主要体现在语文和数学上，老师观察到她上课时注意力不太集中，容易发呆，您在家观察到她写作业或者做其他事情时，注意力怎么样？"", ""parent"": ""对，特别是语文和数学，老师说她上课注意力不集中，老发呆，跟不上。""}, {""turn"": 7, ""coach"": ""所以这种注意力不集中的情况主要是在写作业这类她可能觉得困难或枯燥的任务上，但在她喜欢的画画时就能很专注，她发呆的时候，您觉得她像在想些什么吗？"", ""parent"": ""在家写作业也一样，写一会儿就东摸摸西看看，或者就盯着一个地方不动，喊她好几声才回过神，但她画画的时候就很专注。""}, {""turn"": 8, ""coach"": ""看到她那种愣愣的、像“丢了魂儿”一样的状态，问她又不说，一定让您很担心她到底在想什么，除了发呆，她平时会用什么方式让您感觉到她在想事情或者有什么情绪吗？"", ""parent"": ""我也不知道她想啥，问她她也不说，有时候看着就好像...丢了魂儿似的，愣愣的。""}, {""turn"": 9, ""coach"": ""所以当她不高兴时，她倾向于自己待着画画，用这种方式来度过，您有留意过她不高兴时画的内容大概是什么样的吗？"", ""parent"": ""她不爱说话，尤其是不高兴的时候，就自己躲到屋里画画，画很多很多，也不给我们看。""}, {""turn"": 10, ""coach"": ""看到她画那些黑乎乎的线条或者孤单的小女孩，想必让您更加心疼和担心她内心的感受，有没有想过试着用她画的画作为话题，跟她聊聊呢？"", ""parent"": ""我偷偷看过几次...有时候画些黑乎乎、乱七八糟的线条，有时候画小女孩一个人待在角落里，看着挺孤单的。""}]",0,t,,2025-09-08 10:44:21.372646+08,2025-09-08 10:44:21.372646+08
57,10,"[{""turn"": 1, ""coach"": ""这种感觉确实挺让人着急和委屈的，好像你越是关心，他反而离得越远，最后两个人都很不开心，当这种沟通最终以他不理你、你也不再问了的方式结束时，你心里通常是什么感觉呢？"", ""parent"": ""他烦了我就……我就更急了！觉得这孩子怎么这么不懂事，我这么担心他，他还给我甩脸子！有时候我就会忍不住说他几句，然后……然后他就不理我了，我也就不问了，唉。""}, {""turn"": 2, ""coach"": ""这种感觉一定非常沉重，好像所有的努力都看不到效果，心里堵得难受，其实很多家长在面对和孩子沟通不顺畅的时候，都可能会有类似的无力感。"", ""parent"": ""我还能是什么感觉？就是觉得特别没用，连自己的孩子都搞不定，心里堵得慌，有时候自己偷偷掉眼泪。""}, {""turn"": 3, ""coach"": ""你肩上的担子确实非常重，要一个人支撑整个家，想到未来的种种可能，感到担心甚至有些害怕是非常自然的，在这么大的压力下，是什么支撑着你一直坚持到现在的呢？"", ""parent"": ""也许吧……但我这情况不一样，家里就我一个人撑着，我要是倒了，孩子们怎么办？我不能不多想啊。""}, {""turn"": 4, ""coach"": ""为了孩子们，你确实付出了令人难以想象的努力和坚持，这份母爱是非常强大的力量。"", ""parent"": ""还能是啥？不就是为了孩子吗？看着他们三个，再苦再累也得挺着，总得让他们有个家。""}, {""turn"": 5, ""coach"": ""听起来你心里在反复琢磨，是不是自己的某些做法导致了小明现在的情况，并为此感到很自责，但孩子的成长和变化往往是很多因素共同作用的结果，并不仅仅取决于妈妈一个人。"", ""parent"": ""唉，强大啥呀，要真强大，就不会让小明变成现在这样了……我有时候就在想，是不是我哪里做错了，对他关心不够？""}, {""turn"": 6, ""coach"": ""看到小明闷闷不乐，你心里不好受，感觉自己作为妈妈有一份责任，这很能理解，也许我们可以一起试着多了解一些他不开心的具体原因，这样或许能找到更有效的帮助他的方式？"", ""parent"": ""道理是这个道理，但看着他闷闷不乐的样子，我心里就特别不是滋味，总觉得我这个当妈的有责任。""}, {""turn"": 7, ""coach"": ""你担心的这个情况确实很现实，直接问可能效果不好，那除了直接问，我们或许可以试试从他喜欢的活动入手，比如你提到他爱画画，能不能多创造些机会，安安静静地陪他画一会儿，不问什么，就只是陪着？"", ""parent"": ""好……那要怎么了解呢？他现在根本不跟我说心里话，问多了他还烦。""}, {""turn"": 8, ""coach"": ""你考虑到他的反应和自己时间的紧张，这都很实际，或许不需要很久，哪怕只是晚饭后抽个十分钟、十五分钟，安安静静地在他旁边坐一会儿，看看他画画，你觉得这样短暂的陪伴有没有可能实现呢？"", ""parent"": ""陪着他画画？我就在旁边看着？他会不会觉得奇怪？而且我哪有那个时间啊……""}, {""turn"": 9, ""coach"": ""嗯，挤出十几分钟也很不容易了，这种陪伴的作用可能不一定是立刻“看出”什么大问题，更多的是创造一种轻松、不被打扰的氛围，让他感觉妈妈就在身边支持他，也许能让他慢慢放松下来。"", ""parent"": ""十几分钟……嗯，挤一挤可能还是有的吧，就是不知道这样坐着有啥用，能看出啥来吗？""}, {""turn"": 10, ""coach"": ""你观察得很仔细，注意到他这种容易受惊吓的紧张状态，这确实让人心疼，也更说明了创造一个让他感到安全和放松的环境可能对他有帮助，这种被吓到或者哆嗦一下的情况，最近是不是经常发生呢？"", ""parent"": ""让他放松下来……他现在确实挺紧张的，一点小事就好像吓到一样，有时候我叫他名字他都会哆嗦一下。""}]",0,t,,2025-09-08 10:44:21.372646+08,2025-09-08 10:44:21.372646+08
56,11,"[{""turn"": 1, ""coach"": ""所以这个时间点很关键。我注意到你说“答应好的”，莹莹平时会很在意大人的承诺吗？"", ""parent"": ""大概是她爸妈去年春节没回来那次，本来答应好的，后来厂里突然要加班...""}, {""turn"": 2, ""coach"": ""看来她对承诺特别敏感。当时后来是怎么和解的呢？"", ""parent"": ""这孩子特别把大人说话当真，上个月我说周末买彩笔，结果下雨没去成，她两天都不理我...""}, {""turn"": 3, ""coach"": ""物质补偿没能真正安抚到她呢。你觉得她当时最需要的是什么？"", ""parent"": ""我冒雨去小卖部买了彩笔，还多买了贴纸，可她只是收下，到现在都没用过那些彩笔...""}, {""turn"": 4, ""coach"": ""你提到怕说错话，其实这种谨慎本身就很体贴。还记得有过成功安抚她的例子吗？"", ""parent"": ""可能...是想我们好好解释吧。但我嘴笨，就怕说错话让她更难过...""}, {""turn"": 5, ""coach"": ""这个例子很有参考价值，说明肢体语言能建立安全感。当时和现在有什么不同条件吗？"", ""parent"": ""有次她发烧，我整晚握着她的手，她迷迷糊糊喊妈妈，我就说爷爷在呢，她后来抱着我胳膊睡着的...""}, {""turn"": 6, ""coach"": ""确实不同情绪状态需要不同方法。注意到她情绪升级前会有哪些小信号吗？"", ""parent"": ""那时候她是真病了没力气闹，现在...唉，她发起脾气根本不让碰，摔东西还踢人...""}, {""turn"": 7, ""coach"": ""这些细节很有价值，说明她在努力控制情绪。如果早期发现这些信号，你觉得可以怎么做？"", ""parent"": ""她会先咬嘴唇，手指绞衣角，有时候小声嘟囔“烦死了”...但我经常没及时注意到...""}, {""turn"": 8, ""coach"": ""“别管我”确实让人为难。如果不过问作业，只是递杯水或安静陪坐，你觉得可行吗？"", ""parent"": ""也许...该问问她要不要帮忙？可她总说“别管我”，我就不知道该怎么办了...""}, {""turn"": 9, ""coach"": ""教养观念不同确实让人头疼。你们有没有哪次在莹莹问题上达成过一致？哪怕是很小的事情？"", ""parent"": ""这倒没试过...她奶奶肯定要说我太惯着了，每次我稍微顺着点莹莹，我俩就得吵起来...""}, {""turn"": 10, ""coach"": ""这个例子很有意义，说明在是非问题上你们能形成合力。当时是怎么协商出这个决定的？"", ""parent"": ""去年莹莹偷拿小卖部糖果那次，我们都觉得该带她去道歉...虽然她哭了一路，但事后老伴也说我处理得对...""}]",0,t,,2025-09-08 10:44:21.372646+08,2025-09-08 10:44:21.372646+08
55,12,"[{""turn"": 1, ""coach"": ""明白了，生活的担子确实很重，这种压力之下还要照顾莹莹，一定很不容易。"", ""parent"": ""是啊，他们不出去挣钱，我们一家老小吃啥喝啥，这日子根本过不下去。""}, {""turn"": 2, ""coach"": ""的确，孩子的学习和情绪最让家长挂心，能不能多说说莹莹学习上让你觉得担心的具体表现？"", ""parent"": ""可不是嘛，特别是莹莹现在这学习和脾气，真叫人操心。""}, {""turn"": 3, ""coach"": ""看到数学题就觉得难，然后把本子扔了，之后发生了什么呢？"", ""parent"": ""就说昨天晚上吧，那个数学作业，她看一眼就扔本子说太难了，不做了。""}, {""turn"": 4, ""coach"": ""她一方面说自己行，一方面又不动笔，甚至还哭了，这情景让你当时感觉怎么样？"", ""parent"": ""我想过去教她，她就推开我说她自己能行，可就是盯着题不动，后来还冲我发脾气哭了。""}, {""turn"": 5, ""coach"": ""感到没辙又难受，很想帮孩子却不知道从何下手，这种感觉确实不好受，那时候你一般会怎么做呢？"", ""parent"": ""我当时就觉得挺没辙的，心里也难受，不知道该怎么帮她才好。""}, {""turn"": 6, ""coach"": ""你选择了先放一放，但奶奶的介入让情况变得更复杂了，她通常会怎么说你呢？"", ""parent"": ""我就只好说那今天先不做，明天问老师，结果她奶奶听见又把我吵一顿。""}, {""turn"": 7, ""coach"": ""她觉得你太惯着孩子，甚至说会毁了孩子，听到这些话你心里是怎么想的？"", ""parent"": ""她就老说我太惯着莹莹，说我这样只会宠不会管，以后孩子就毁我手里了。""}, {""turn"": 8, ""coach"": ""这种矛盾的心情一定让你很纠结，一方面担心宠坏她，一方面看到她可怜的样子又不忍心，让你不忍心的那个“可怜样”通常是什么时候出现？"", ""parent"": ""我心里也不好受，有时候也琢磨，是不是我真把她宠坏了，可看她那可怜样，我硬不起心肠。""}, {""turn"": 9, ""coach"": ""原来在她提到爸妈或者自己发呆的时候，你会特别觉得她可怜，那时候你通常会怎么做来回应她呢？"", ""parent"": ""就是她一提她爸妈，或者我们说起他们的时候，她那小脸就垮下来了，或者有时候自己在那发呆，看着就让人心疼。""}, {""turn"": 10, ""coach"": ""你会通过哄她、给好吃的或看电视来安抚她，这样做当时能让她平静下来吗？"", ""parent"": ""我还能怎么办，就赶紧哄哄她，给她买点好吃的，或者让她看会儿电视，分散分散注意力。""}]",0,t,,2025-09-08 10:44:21.372646+08,2025-09-08 10:44:21.372646+08
54,13,"[{""turn"": 1, ""coach"": ""听起来你对婷婷目前的心思感到非常担忧，甚至有些生气，能具体说说你最担心的是什么吗？"", ""parent"": ""我真的快被婷婷气死了，她这么小就开始想男生的事，这以后可怎么办啊！""}, {""turn"": 2, ""coach"": ""这种担心确实很沉重，似乎你认为对异性有好感这件事会直接导致一连串非常负面的结果，让你对她的未来特别忧虑，是这样吗？"", ""parent"": ""我最担心的就是她早恋，影响学习，以后考不上好大学，那她这辈子不就毁了吗？""}, {""turn"": 3, ""coach"": ""你觉得一旦女孩开始关注情感方面的事情，就一定无法专注学习了，这个想法在你看来是绝对的吗？"", ""parent"": ""可不是嘛！你说是不是？女孩子家心思一活动，哪里还定得下心来学习？""}, {""turn"": 4, ""coach"": ""我理解你考虑到现实中精力的分配问题，特别是对普通家庭而言，那么在你看来，孩子的情感和好奇心应该如何处理呢？"", ""parent"": ""大部分情况是这样的吧，至少对我们普通家庭的孩子来说，精力就那么多，肯定要以学习为主。""}, {""turn"": 5, ""coach"": ""你觉得对待孩子刚刚萌发的情感和好奇心，最直接有效的方式就是“掐灭”，能否分享一下你尝试这样做之后，通常会看到什么样的结果？"", ""parent"": ""小孩子懂什么情感！就应该掐灭在萌芽里，不然等发展起来就晚了！""}, {""turn"": 6, ""coach"": ""听起来，你尝试去“掐灭”那些苗头，但实际效果似乎是婷婷的反抗和隐瞒越来越多了，你有没有想过她为什么会选择用这种方式来回应你呢？"", ""parent"": ""结果？结果就是她现在越来越不听话，跟我对着干，还学会撒谎了！""}, {""turn"": 7, ""coach"": ""理解青春期孩子的内心世界确实不容易，那你通常在什么时候或者通过什么方式去了解婷婷的想法和感受呢？"", ""parent"": ""我哪知道她怎么想的！现在的孩子心思太难懂了，肯定是跟同学学的，或者网上看那些乱七八糟的东西学的！""}, {""turn"": 8, ""coach"": ""你尝试去问，但她选择关上沟通的门，如果回忆一下，你通常在什么情况下或者用什么样的方式问她，会让她产生很烦的感觉呢？"", ""parent"": ""我问她啊！可她现在什么都不跟我说，问多了就嫌我烦，把自己关房间里。""}, {""turn"": 9, ""coach"": ""我理解你的出发点是关心她，如果婷婷处在你的位置，听到这样直接询问学校表现和社交细节的问题，你猜她可能会有什么感觉？"", ""parent"": ""还能怎么问？就直接问她在学校怎么样，跟谁玩，有没有好好听课呗！这不都是关心她吗？""}, {""turn"": 10, ""coach"": ""你提到你妈妈当年管你更严，你还记得那时候当你妈妈非常严格地关心你时，你内心的感受是怎样的吗？"", ""parent"": ""她能有什么感觉？小孩子家家的，父母关心不是应该的吗？我小时候我妈管我严多了！""}, {""turn"": 11, ""coach"": ""听起来你成长的环境要求绝对服从，几乎没有表达自己感受的空间，这种经历对你现在看待“父母关心”和“孩子感受”的方式有什么影响吗？"", ""parent"": ""我那时候？我哪敢有什么感受！我妈说一不二，让干啥就干啥，不然就是一顿骂或者打！""}, {""turn"": 12, ""coach"": ""你确实顺利成长过来了，并且没有“学坏”，这很重要；与此同时，如果可以重新选择，你会希望你妈妈用稍微不同的方式来关心你吗，比如多一些理解你的感受？"", ""parent"": ""影响？我觉得没什么不好，至少我没学坏，不也平平安安长大了嘛！现在的孩子就是太娇气，说不得碰不得。""}, {""turn"": 13, ""coach"": ""谢谢你分享这一点，那份“心里有点难受”的感觉，尽管可能很快压下去了，但它确实存在过；你觉得现在婷婷在面对你的严格要求时，她会不会也有类似的“难受”时刻呢？"", ""parent"": ""（沉默了一小会）那时候哪想过这些……可能……有时候被骂得凶了，心里是有点难受吧，但很快就忘了。""}, {""turn"": 14, ""coach"": ""你观察到她会不高兴，就像小孩子常有的那样；在她“不高兴”的时候，你感觉通常有多强烈，你会做些什么来回应她的这种情绪吗？"", ""parent"": ""她？她肯定也会不高兴，但小孩子闹脾气不很正常嘛，过去就好了。""}, {""turn"": 15, ""coach"": ""你通常选择让她自己冷静，或者告诉她学习更重要；当婷婷收到这两种回应时，她可能会理解成你在向她传递什么信息呢？"", ""parent"": ""我能做什么？要么就不理她，让她自己冷静；要么就说她几句，告诉她不应该这样想，学习最重要！""}]",0,t,,2025-09-08 10:44:21.372646+08,2025-09-08 10:44:21.372646+08
53,14,"[{""turn"": 1, ""coach"": ""听起来这件事让您既震惊又无助，能具体说说发现情书时您的第一反应吗？"", ""parent"": ""我真的不知道该怎么办了，婷婷最近完全不听我的话，还偷偷写情书给男生。""}, {""turn"": 2, ""coach"": ""当孩子的情感萌动被突然揭露时，很多家长都会有类似的强烈反应，您觉得婷婷写这封信可能满足了什么心理需求？"", ""parent"": ""我当时气得手都抖了，直接拿着信质问她，这么小年纪怎么可以想这些乱七八糟的事！""}, {""turn"": 3, ""coach"": ""您非常重视孩子的交友环境，这确实很重要。如果我们暂时放下对错的判断，您觉得婷婷选择写信而不是当面交流，可能反映了什么样的沟通模式？"", ""parent"": ""她能有什么需求？就是被坏同学带偏了，现在小孩接触网络太早！""}, {""turn"": 4, ""coach"": ""这种疏远感确实令人心痛，青春期孩子往往会在依赖和独立间反复摇摆，您注意到婷婷什么时候开始出现这种转变迹象的？"", ""parent"": ""她就是故意瞒着我！以前什么事都会跟我说，现在越来越疏远了。""}, {""turn"": 5, ""coach"": ""这说明婷婷正在经历重要的成长阶段，她开始渴望证明自己的管理能力。您觉得在这个过程中，她最需要获得什么样的支持？"", ""parent"": ""大概去年开始，她总说“你别管了”，作业也不让我检查了。""}, {""turn"": 6, ""coach"": ""发现这些物品确实容易引发担忧，除了恋爱可能性，您觉得这个挂件还可能代表什么意义？"", ""parent"": ""昨天我又发现她书包里藏着同学送的挂件，肯定是男生送的！""}, {""turn"": 7, ""coach"": ""这个年纪的孩子确实会特别重视同伴关系，您是否注意到婷婷平时怎样描述这个送挂件的同学？"", ""parent"": ""还能有什么？她就是学那些早恋的坏榜样！""}, {""turn"": 8, ""coach"": ""被孩子拒之门外确实难受，如果换种提问方式，比如从分享您自己的青春期经历开始，可能会发生什么变化？"", ""parent"": ""她从来不说学校的事，问急了就说“说了你也不懂”！""}, {""turn"": 9, ""coach"": ""您母亲的教育方式确实塑造了优秀的您，现在婷婷面对的社交媒体影响，是否让她的成长环境有所不同？"", ""parent"": ""我当年哪敢这样？我妈眼睛一瞪我就老实了！""}, {""turn"": 10, ""coach"": ""严格管教确实能快速见效，您是否注意到这种管理方式对婷婷的主动学习意愿产生了什么影响？"", ""parent"": ""所以我才更要严格管教，现在诱惑这么多！""}, {""turn"": 11, ""coach"": ""管教措施产生反效果确实令人沮丧，您觉得婷婷是通过什么方式表达她对手机管控的看法？"", ""parent"": ""上次没收她手机后成绩反而更差了，现在连作业都不交了！""}, {""turn"": 12, ""coach"": ""课堂分心确实需要引导，您是否注意到她漫画内容可能反映着什么情绪需求？"", ""parent"": ""她就是故意气我！昨天班主任说她在数学课上画漫画。""}, {""turn"": 13, ""coach"": ""在没看到具体内容的情况下，我们是否可以暂留判断空间？如果这是她宣泄压力的方式，您希望如何引导？"", ""parent"": ""能有什么正经内容？肯定是画那些男男女女的东西！""}, {""turn"": 14, ""coach"": ""这种转变确实令人不安，但也是青春期自我重塑的必经之路。您记忆中自己在13岁时是否也有过类似的探索阶段？"", ""parent"": ""可她以前从不这样，现在完全变了一个人！""}, {""turn"": 15, ""coach"": ""不同世代的成长挑战确实差异巨大，如果让您用三个词描述婷婷这代人特有的压力，会是什么？"", ""parent"": ""我们那时候光是活着就拼尽全力了，哪有这些闲心思！""}]",0,t,,2025-09-08 10:44:21.372646+08,2025-09-08 10:44:21.372646+08
52,15,"[{""turn"": 1, ""coach"": ""听起来你最近因为孩子不听话，感觉挺头疼和无奈的，是这样吗？"", ""parent"": ""唉，真不知道该拿这孩子怎么办了，越来越不听话，天天跟我对着干。""}, {""turn"": 2, ""coach"": ""了解到昨晚又发生了类似的情况，孩子答应了但没做到按时睡觉，当时你是怎么应对的呢？"", ""parent"": ""可不是嘛，就说昨天晚上，让他少玩会儿游戏早点睡，他嘴上答应，结果又拖到快十点。""}, {""turn"": 3, ""coach"": ""你直接拔掉了路由器，孩子当时是什么反应呢？"", ""parent"": ""我能怎么应对？都快十一点了，我直接过去就把他路由器给拔了，不拔他能睡吗？""}, {""turn"": 4, ""coach"": ""他用吼叫和摔门来回应，这种比较激烈的冲突场面，最近是不是发生得比较多？"", ""parent"": ""他还能有什么反应？跟我大吼大叫，说我不尊重他，然后“砰”一下把门摔上了！""}, {""turn"": 5, ""coach"": ""听起来这半年的变化让你感觉很明显，除了冲突变多，你还留意到这期间孩子或者家里有其他什么变化吗？"", ""parent"": ""是啊，最近半年越来越多了，以前他还不敢这样，现在真是翅膀硬了！""}, {""turn"": 6, ""coach"": ""你提到他越来越沉迷游戏，能具体说说他大概每天花多少时间在这上面，或者有哪些表现让你觉得“沉迷”吗？"", ""parent"": ""其他变化？就是他越来越沉迷那个破游戏，成绩也开始不稳定了，尤其是数学。""}, {""turn"": 7, ""coach"": ""听起来游戏确实占用了他不少时间和精力，你说他心思完全不在学习上，是观察到了哪些具体表现让你这么觉得呢？"", ""parent"": ""具体多久我没精确算过，但肯定不少，一有空就抱着手机，吃饭叫他都磨磨蹭蹭的，心思完全不在学习上。""}, {""turn"": 8, ""coach"": ""了解到他写作业的时间变长了，状态也不太好，这种情况大概是从什么时候开始比较明显的？"", ""parent"": ""表现？作业拖拖拉拉，以前半小时能写完的现在要搞一两个钟头，问他题也是心不在焉的。""}, {""turn"": 9, ""coach"": ""期中数学成绩下降似乎是一个比较重要的时间点，可以多分享一些当时你是怎么和他谈论这个成绩的吗？"", ""parent"": ""大概就是这学期吧，尤其是期中考试数学成绩掉下来之后，更明显了。""}, {""turn"": 10, ""coach"": ""听起来你当时非常生气，在他找借口的时候，你心里冒出来的第一个想法是什么呢？"", ""parent"": ""还能怎么谈？我当时就火了，问他怎么回事，他不服气还找借口，我就把他手机给禁了！""}, {""turn"": 11, ""coach"": ""所以当时心里立刻就闪过“这孩子太让人失望了”、“一点不自觉”这样的念头，这种失望的感觉，当时有多强烈呢？"", ""parent"": ""想法？还能有啥想法？就是觉得这孩子太让我失望了，心思都用到玩上了，一点不自觉！""}, {""turn"": 12, ""coach"": ""听起来“让人失望”这个念头一出来，就带来了很强烈的心里发堵和气往上冲的感觉，接着声音就大了，这种情况在其他让你生气的时候也会发生吗？"", ""parent"": ""非常强烈！感觉心一下就堵了，气往上冲，声音就忍不住大起来了。""}, {""turn"": 13, ""coach"": ""你留意到自己着急生气时就容易这样，好像有点控制不住，你是怎么看待自己这种反应模式的呢？"", ""parent"": ""对，经常这样，一着急或者一生气就控制不住，嗓门就上来了，有时候手都想抬起来（但没打）。""}, {""turn"": 14, ""coach"": ""听起来事后会感到后悔，觉得那样做不好，当你提到“火气一上来就什么都忘了”时，通常是忘了哪些东西呢？"", ""parent"": ""我当然知道这样不好，过后也后悔，但当时那个火气一上来，就什么都忘了。""}, {""turn"": 15, ""coach"": ""你意识到那个瞬间，好像就只看到他“不争气”和“惹你生气”的一面，忘记了原本想好好沟通，也忘记了他可能有难处，如果当时能稍微停一下，记起这些，你觉得会有什么不一样吗？"", ""parent"": ""忘了要好好跟他说话，忘了他也只是个孩子，可能也有他的难处，就光想着他怎么这么不争气，这么惹我生气。""}]",0,t,,2025-09-08 10:44:21.372646+08,2025-09-08 10:44:21.372646+08
51,16,"[{""turn"": 1, ""coach"": ""听起来作业冲突让你们都很煎熬，能具体说说当时他说不肯改的时候，你最先注意到他的什么反应吗？"", ""parent"": ""这孩子真是气死我了！昨天又因为数学作业跟我吵，明明错了三道题还嘴硬不肯改。""}, {""turn"": 2, ""coach"": ""当肢体接触发生时，你当时内心最强烈的感受是担心他的学习态度，还是更在意关系受损？"", ""parent"": ""他把作业本摔在桌上就要走，我拽住他胳膊结果他直接甩开，这种态度哪像对待父亲！""}, {""turn"": 3, ""coach"": ""你希望传递关心的那份心意，有没有可能被青春期的敏感过滤成了控制信号？"", ""parent"": ""当然是都担心！我是为他好，可他根本不领情，现在连基本尊重都没有了。""}, {""turn"": 4, ""coach"": ""你当年在物质匮乏但选择有限的环境里培养的责任感，现在要移植到信息爆炸的选择过剩时代，这个适应过程确实充满挑战呢。"", ""parent"": ""但管束本来就是父母的责任啊！我像他这么大时哪有这么多乱七八糟的想法。""}, {""turn"": 5, ""coach"": ""这份未雨绸缪的警觉是你的优势，我们可以一起探索如何在“完全放任”和“严格管束”之间找到第三条路？"", ""parent"": ""可我就是担心他走偏，现在社会诱惑这么多，不管严点行吗？""}, {""turn"": 6, ""coach"": ""这次违约发生时，你注意到他在充值前有没有什么特别的情绪波动或压力事件？"", ""parent"": ""上次说好每天玩1小时游戏，结果他偷偷用他妈手机又充值了200块！""}, {""turn"": 7, ""coach"": ""当他说同学都有时，你感觉他更渴望获得游戏装备本身，还是想通过这个获得同伴认可？"", ""parent"": ""他最近总说同学都有高级皮肤，估计是攀比心作祟！""}, {""turn"": 8, ""coach"": ""如果我们把“实力”拆解成他能理解的具体能力，比如说服同学组队的能力，会不会让这个概念更可操作？"", ""parent"": ""肯定是后者！但他怎么就不懂真正的尊重要靠实力而不是外在！""}, {""turn"": 9, ""coach"": ""如果选一个他目前做得相对好的小事，比如篮球场上的团队配合，作为领导力培养的起点呢？"", ""parent"": ""这……可能吧，但他连作业都管不好还谈什么领导力？""}, {""turn"": 10, ""coach"": ""篮球中的战术执行需要哪些能力？这些能力如果复制到学习场景会怎样？"", ""parent"": ""他打篮球倒是有模有样，可这和学习有什么关系？""}, {""turn"": 11, ""coach"": ""我们是否需要区分“肯定运动能力”和“降低学业要求”这两个独立事件？当时夸赞后是否立即出现了作业质量变化？"", ""parent"": ""上次按你说的夸了他篮球传球意识，结果他尾巴翘到天上，作业反而更潦草了！""}, {""turn"": 12, ""coach"": ""如果用记分表分别记录运动激励和学业表现，连续观察两周，会不会更清楚两者的真实关联？"", ""parent"": ""倒也不是当场发作，但这两天明显感觉他心思更野了。""}, {""turn"": 13, ""coach"": ""如果每天只花三分钟记录最明显的两个时刻——比如篮球时间后的情绪状态，和作业最投入的时段？"", ""parent"": ""哪有这个美国时间！我加班回家都九点了，能盯住作业就不错了。""}, {""turn"": 14, ""coach"": ""当发现数据波动时，我们可以像分析篮球比赛录像那样，找出值得保持的“精彩片段”和需要调整的“失误瞬间”？"", ""parent"": ""这倒是可行……但发现问题又能怎样？""}, {""turn"": 15, ""coach"": ""那次他主动提问时，你们之间的对话氛围与平常有什么不同？"", ""parent"": ""你这么说倒让我想起他上周有次主动问数学题，是不是该算精彩片段？""}]",0,t,,2025-09-08 10:44:21.372646+08,2025-09-08 10:44:21.372646+08
50,17,"[{""turn"": 1, ""coach"": ""听起来你最近为孩子不听话这事儿挺烦心的，能具体说说是什么情况让你感觉他“难管”吗？"", ""parent"": ""这孩子最近真是越来越难管了，我说什么他都听不进去。""}, {""turn"": 2, ""coach"": ""了解到因为数学成绩不理想发生了争执，当时你是怎么跟他说的呢？"", ""parent"": ""就说前几天期中考试，数学考得一塌糊涂，我一说他，他就跟我顶嘴。""}, {""turn"": 3, ""coach"": ""你问他原因的时候，他除了说“难”，还有其他什么反应或表情吗？"", ""parent"": ""我就问他怎么回事，75分，以前不是都九十多吗，他就找借口说难。""}, {""turn"": 4, ""coach"": ""看到他那个样子，还听到他拿别人比较，你当时心里是什么感觉？"", ""parent"": ""他就一脸不服气的样子，还说什么班里好多人不及格，好像他考不好是应该的。""}, {""turn"": 5, ""coach"": ""听起来你感觉他当时的态度让你非常生气，好像觉得他不重视学习，是这样吗？"", ""parent"": ""我当时就火了，觉得他一点不为自己的成绩着急，还在那儿强词夺理！""}, {""turn"": 6, ""coach"": ""你为家庭付出了很多，期望孩子能理解并有好表现，这种期望落空时确实让人很生气。"", ""parent"": ""是啊，我辛辛苦苦赚钱，他不好好学习，还这种态度，我能不生气吗？""}, {""turn"": 7, ""coach"": ""冲突升级了，他当时大喊着说你总是发火，这是他第一次这么说吗？"", ""parent"": ""我说了他几句，他就跟我大喊大叫，说什么凭什么，还说我总是发火。""}, {""turn"": 8, ""coach"": ""看来“发火”是他最近常用来描述你状态的词，你觉得用“着急”的方式沟通，效果怎么样？"", ""parent"": ""这倒不是第一次，最近他老这么说，但我那不是着急吗？""}, {""turn"": 9, ""coach"": ""你观察到这种着急的沟通方式往往没什么效果，甚至让他更抗拒，最后不了了之。"", ""parent"": ""效果？没什么效果，他反而更抗拒了，最后就是不欢而散。""}, {""turn"": 10, ""coach"": ""妈妈经常在你们冲突时介入调解吗，那次饭后你们具体是怎么谈的？"", ""parent"": ""对，就像这次，最后他妈出来打圆场，说是饭后再谈，但谈的时候气氛还是很僵。""}, {""turn"": 11, ""coach"": ""你努力控制情绪尝试沟通，但感觉到广智当时还是比较沉默，他是完全不说话还是说得很少？"", ""parent"": ""饭后他妈就让我们心平气和分析原因，我也尽量忍着，但他还是不太愿意说话。""}, {""turn"": 12, ""coach"": ""了解，感觉沟通主要靠妈妈在中间传递信息，你当时有尝试直接问他想法吗？"", ""parent"": ""就说几句，问一句答一句，主要还是他妈在说，在中间传话。""}, {""turn"": 13, ""coach"": ""他用低头或者说“不知道”来回应，你当时怎么理解他这种反应？"", ""parent"": ""我也问了，但他要么低着头，要么就说“不知道”，或者就重复之前说的“考试难”。""}, {""turn"": 14, ""coach"": ""你感觉他要么是没认识到问题，要么就是故意的，除了这两种可能，还有没有其他原因会导致他这样反应呢？"", ""parent"": ""我觉得他就是还没认识到自己的错误，或者就是故意跟我对着干。""}, {""turn"": 15, ""coach"": ""这确实是另外两种可能，觉得他可能是“怕你再发火”这种想法，让你有什么感觉？"", ""parent"": ""其他原因？也许……也许是他确实不知道怎么说，或者怕我再发火？""}]",0,t,,2025-09-08 10:44:21.372646+08,2025-09-08 10:44:21.372646+08
49,18,"[{""turn"": 1, ""coach"": ""听起来孩子的成绩下滑让你感到失望，同时可能还有些焦虑？能说说成绩变化前后，你们之间的互动有什么不同吗？"", ""parent"": ""这孩子真是气死我了，数学成绩从90分掉到75分，还总找借口！""}, {""turn"": 2, ""coach"": ""当孩子把问题归到老师身上时，你当时的回应是什么？有没有注意到他说话时的身体语言？"", ""parent"": ""之前他考得好时我会夸他，但这次我问他原因，他居然说老师教得不好！""}, {""turn"": 3, ""coach"": ""孩子那些身体语言可能意味着紧张或自责，你当时有没有尝试用不同语气回应？"", ""parent"": ""我直接说这是借口！他眼睛一直看地板，手揪着衣角，明显在逃避。""}, {""turn"": 4, ""coach"": ""发火这个反应出现之前，你内心是否闪过某些特定念头？比如担心他养成坏习惯？"", ""parent"": ""我声音是大了点，但要不是他先撒谎，我怎么会发火？""}, {""turn"": 5, ""coach"": ""你希望传递的关心，孩子现在接收到的可能是压力，我们可以试试调整表达方式。"", ""parent"": ""当然怕他以后遇到困难就推卸责任！我这么辛苦工作不就是为了他好吗？""}, {""turn"": 6, ""coach"": ""重视安全当然必要，我们是否可以把“惩罚隐瞒”和“奖励坦诚”分开处理？比如设立安全汇报的积分机制？"", ""parent"": ""调整表达？难道要我对他撒谎视而不见？上次夜不归宿的事还不够严重吗？""}, {""turn"": 7, ""coach"": ""记得过去有没有他主动遵守规则的时刻？当时你们的互动有什么特别之处？"", ""parent"": ""积分制？他肯定觉得幼稚！上次没收手机就绝食抗议过。""}, {""turn"": 8, ""coach"": ""这个案例里，孩子感受到被尊重和自主权，或许我们可以复制这种协商模式？"", ""parent"": ""有次月考进步，他自己提出周末多打半小时游戏，我同意了就执行得很好。""}, {""turn"": 9, ""coach"": ""当约定被打破时，你们是如何讨论后续调整的？有没有试过共同分析障碍因素？"", ""parent"": ""但他现在根本不愿谈条件，上次说好每天运动半小时，三天就反悔。""}, {""turn"": 10, ""coach"": ""这种时候，如果尝试说“我现在很生气，但更担心我们的关系”，你觉得孩子会如何反应？"", ""parent"": ""都是他妈在善后，我气得根本不想说话，现在成成躲着我看手机。""}, {""turn"": 11, ""coach"": ""如果暂时无法直接表达担心，试着在争论后问“刚才我说的哪句话最让你难受”，这样可行吗？"", ""parent"": ""这种肉麻话我说不出口！再说他正叛逆，说了肯定被嘲笑。""}, {""turn"": 12, ""coach"": ""能留在冲突现场已经是进步，当时你回应“都烦”时语气是强硬的还是缓和的？"", ""parent"": ""上次问过，他说“都烦”，但至少没摔门走。""}, {""turn"": 13, ""coach"": ""这种克制本身就有价值，如果加上“我现在需要十分钟平复情绪”的自我暴露呢？"", ""parent"": ""我憋着火说了句“那我们都冷静下”，但心里还是气得要命。""}, {""turn"": 14, ""coach"": ""这种坦诚可能打破你们惯有的互动脚本，要不要设定尝试次数比如三次实验？"", ""parent"": ""他可能会愣住，以前我从没承认自己需要冷静。""}, {""turn"": 15, ""coach"": ""如果遇到讽刺，用“看来我这个尝试有点笨拙”来自嘲，或许能转化尴尬？"", ""parent"": ""三次？如果第一次他就讽刺我怎么办？""}]",0,t,,2025-09-08 10:44:21.372646+08,2025-09-08 10:44:21.372646+08
48,19,"[{""turn"": 1, ""coach"": ""孩子不听话确实让人挺头疼的，能不能多告诉我一些她具体是怎么顶嘴作对的？"", ""parent"": ""老师，我就想知道，怎么才能让孩子听话，别老是顶嘴作对。""}, {""turn"": 2, ""coach"": ""明白了，当她哭着喊“别人家都让用”的时候，你当时心里是什么感觉？"", ""parent"": ""就像上次吃饭，让她放下手机她不听，还哭着喊别人家都让用。""}, {""turn"": 3, ""coach"": ""当你感到很生气，觉得她不守规矩时，你接下来通常会怎么做？"", ""parent"": ""我当时就火了，觉得她这是无理取闹，不守规矩。""}, {""turn"": 4, ""coach"": ""你立刻采取了行动没收手机并设定了后果，这种方式之后，你觉得对改善她玩手机的问题有帮助吗？"", ""parent"": ""我直接就把她手机拿过来，告诉她两周不准用。""}, {""turn"": 5, ""coach"": ""听起来这种方式似乎没达到你期望的效果，反而让沟通更困难了，如果我们今天的谈话能聚焦在探索一些新的方法，试着去理解美丽的反应并找到更有效的沟通方式，你觉得怎么样？"", ""parent"": ""好像没什么用，她当时跑回房间摔门，后来好几天不理人，现在还是偷偷玩。""}, {""turn"": 6, ""coach"": ""好的，那我们接下来就一起看看，能不能找到更有效的方法来应对她那些让你觉得很“犟”的时刻。"", ""parent"": ""嗯…如果真有更好的办法让她别那么犟，那我愿意试试看。""}, {""turn"": 7, ""coach"": ""当她低头不说话的时候，你是怎么理解她这种反应的？"", ""parent"": ""比如上次考试成绩掉下来，我一说她，她就低着头不吭声，问多了就说我烦。""}, {""turn"": 8, ""coach"": ""除了觉得她是心虚或者故意对着干，你觉得还有没有其他原因可能让她当时选择不说话？"", ""parent"": ""我觉得她就是心虚，知道自己没学好，还不肯承认，或者就是故意跟我对着干。""}, {""turn"": 9, ""coach"": ""她确实说感觉难了跟不上，是什么让你觉得这更像是一个借口呢？"", ""parent"": ""她自己也说了，学习变难了，有点跟不上…但我听着就像是借口。""}, {""turn"": 10, ""coach"": ""你那时候条件艰苦确实非常不容易，是否有可能现在的学习内容或压力跟你们那个时候确实不太一样了呢？"", ""parent"": ""我们那时候条件差多了，不也一样学？她现在有吃有穿，坐教室里，有什么难的？""}, {""turn"": 11, ""coach"": ""也许情况确实不同了，那如果暂时放下是不是“娇气”，就事论事地看，承认学习对她来说真的有难度，这会怎么影响你跟她沟通呢？"", ""parent"": ""可能吧…现在的孩子是娇气点，我们那时候哪有心思管难不难，能学就不错了。""}, {""turn"": 12, ""coach"": ""想到要去帮助她是很好的开始，帮助并不一定只是辅导功课，你觉得在学习这件事上，除了讲题，你还能为她做些什么呢？"", ""parent"": ""那…我就得想想办法帮她了？可我初中都没毕业，我能帮她什么？""}, {""turn"": 13, ""coach"": ""确保她生活和学习的基本条件确实非常重要，这也是一种关键的支持，除了这些，有没有可能尝试问问她“今天学习是不是挺累的”这种话来表达关心呢？"", ""parent"": ""我能做的…就是让她吃好穿好，别分心，按时完成作业，其他的我也不懂。""}, {""turn"": 14, ""coach"": ""也许问一句累不累不会马上改变成绩，但让她感受到你的关心，会不会让她心里感觉不一样，不那么有压力或者不那么抵触呢？"", ""parent"": ""问这个有用吗？她难道会因为我问一句累不累，学习就能上去？""}, {""turn"": 15, ""coach"": ""你能观察到她看起来压力大、不爱说话，这很重要，那你觉得可以在她什么时候或者什么情况下，试试简单地问一句表示关心呢？"", ""parent"": ""可能吧…她有时候确实看起来压力挺大的样子，回来也不怎么说话。""}]",0,t,,2025-09-08 10:44:21.372646+08,2025-09-08 10:44:21.372646+08
47,24,"[{""turn"": 1, ""coach"": ""你好，请问有什么能帮助到你的吗?"", ""parent"": ""老师你好""}, {""turn"": 2, ""coach"": ""嗯，可以具体说说吗？"", ""parent"": ""是这样，我来是想解决我和母亲的关系问题。实际也不是关系问题，应该说我的自己的感受的问题。因为在母亲那边，我觉得她可能会觉得一切很正常，就是本来就是这个样子的，但是这么多年我的困扰就是，我始终就是在和她的接触过程中总有一种胸闷，然后就很压抑的一种感觉。有的时候想靠近，但是却总是好像被弹开。""}, {""turn"": 3, ""coach"": ""嗯"", ""parent"": ""嗯，实际上我对我母亲的这个感受可以分三个阶段，第一个阶段可能延续了有30多年，后来有一次我跟我最好的朋友闲聊天的时候，我突然讲到一句话，我说：“这个如果是个后妈，我还能跟别人吐槽一下，但亲妈我怎么能说她不好呢？”说完这句话之后，我自己有一点震动。""}, {""turn"": 4, ""coach"": ""听起来你对妈妈有很多吐槽的地方。"", ""parent"": ""我感觉，好像以前这些话是不可以说的，那我今天好像给自己开了一个口子，好像是可以说的，然后从那之后我觉得就进入到了第二个阶段，就是我能跟就是极少说的人，我的好朋友私下里偶尔的吐槽这种感觉。然后慢慢的就到了现在的第三个阶段，我可以在这样的场合下也可以去跟我的咨询师去聊这个话题。""}, {""turn"": 5, ""coach"": ""你觉得妈妈的哪些事情是你想吐槽的？"", ""parent"": ""是的。""}, {""turn"": 6, ""coach"": ""嗯，那你的感受是什么？"", ""parent"": ""我和妈妈不住在一起，当然我们是在一个城市。她总会带很多东西给我，就是可能是楼下菜场或者超市买了一些蔬菜、鸡蛋、日用品之类的，然后有的时候我总会说是我不需要，因为我楼下非常方便，我可能三四分钟就能买到我想要的所有的东西，但是她好像总也听不到这个反馈。""}, {""turn"": 7, ""coach"": ""嗯，你感觉不需要。"", ""parent"": ""其实我很困惑。我会觉得如果换一个角度，或者换一个人来感受这个，可能会觉得妈妈很爱你，妈妈还总想着你，还总给你买东西来。但是放到我身上我总是感觉我跟她说我不需要。""}, {""turn"": 8, ""coach"": ""嗯。"", ""parent"": ""对，我看着她背着一个很重的包，然后带了很多的蔬菜，然后带一些我不需要的东西来，我觉得她会很疲惫。然后来了之后我的冰箱就一下子可能很满，我是喜欢空一点的空间的，但我现在控制不了我的冰箱。""}, {""turn"": 9, ""coach"": ""嗯，听起来你对妈妈大包小包背东西来给你的行为感到很不舒服。关于这种行为，你有和妈妈沟通过吗？"", ""parent"": ""我的感觉就是可能我越来越长大了，也离开了家，让妈妈觉得可能对我的控制越来越少，所以她只能控制我的冰箱。我觉得这么说有点可笑，但是就是那种感觉。""}, {""turn"": 10, ""coach"": ""那妈妈是什么反应呢？"", ""parent"": ""有说过的。跟妈妈说我真的不需要啊，会用各种各样的语气来说，开玩笑的、认真严肃的，或者烦躁了会怼两句。""}, {""turn"": 11, ""coach"": ""内疚"", ""parent"": ""她会不高兴，然后她不高兴了我就会内疚。""}, {""turn"": 12, ""coach"": ""我还挺好奇的，妈妈买的每一样东西，你都会感觉不需要吗？还是某些东西感觉不需要？"", ""parent"": ""对，你看人家好心来的，但你还不领情，还要怼她。传统教育是对长辈用这样的语气说话是不对的，所以这种感觉是很复杂。一方面我觉得我应该感恩，但是我没有。然后我就觉得她在控制我，我又制止不了。最后把这个态度表现出来之后，我又有内疚在里面。""}, {""turn"": 13, ""coach"": ""对你来说，即使妈妈不在，你要把它扔那的话也是一个不容易办到的事情。"", ""parent"": ""也不一定。比如说她会买瑞士卷，我可能偶尔想吃下午茶，我买一个，但是她会在超市买那种量贩式的，一大盒里面有8块，如果赶上超市的促销或者是临期，会买一送一，就变成两大盒，两大盒16块，然后拿来了之后，我觉得这个这肯定是吃不完的。但是过了今晚到明天那就过期了，其实我还比较注重这个，然后就感觉一个东西堵在胸口。吃好像也没有兴致，而且也吃不完，然后转天是丢掉，又会有一种负罪感。她们那一辈人很节俭，所以丢了好像也不好，然后她会打电话，还会来问我，第二天或者在第三天会问你吃了吗？然后就是说吃了好像也很违心，说扔了好像我也说不出口。就是总有这种感觉，但是说起来实际都是小事，都是这些小事，但是这些小事好像我就很困惑。到我这个年纪，这个小事我也没搞定，就是跟我妈妈的这点事我也搞不定。""}, {""turn"": 14, ""coach"": ""好像她对你的这样的一种照顾会让你觉得很沉重。"", ""parent"": ""对，那有的时候就是我实在是不想吃，那我也会扔，但是扔的时候也是有内疚的，然后我就怕她再来问我，我可能说撒个谎，我说吃了挺好的。偶尔也会告诉她，我真的吃不掉，我扔了，你下次不要买了，她会表现出来很心疼，但之后也还会去做，没办法。下次可能再给你买点水果，因为减价了。""}, {""turn"": 15, ""coach"": ""如果你告诉她说你扔了，或者你告诉她说就是我吃不下了，然后放这儿的话也会被扔掉，如果说这样的话，你的困难是什么呢？"", ""parent"": ""对，我从20多岁大学毕业，工作了稍稍独立了以后，我就感觉如果我能用钱解决的东西，我就不想麻烦妈妈来帮我解决，就感觉这个亲情比金钱更让我不想承担。""}, {""turn"": 16, ""coach"": ""为什么好像你觉得自己就需要去感受到这个付出，或者说你你妈妈爱你，你就需要接受这个被爱，好像在你的逻辑里面，这个必须能够对应的上。"", ""parent"": ""她不听我的，然后她拿来了东西之后，我就同时有这种扔了的可惜的内疚，对她态度不好的自责。看她的这个付出，我好像感受不到，就这个感觉很复杂。""}, {""turn"": 17, ""coach"": ""什么样的事情会是帮不上你然后让你失望的事情？"", ""parent"": ""对，因为我觉得，我有的时候需要一些帮助的时候，我的妈妈给不出，或者她会躲避我的求助，我感觉她有的时候好像承接不了我让她帮忙的这个重担。但是我不想在给我送东西这个事上让她帮忙，但是她也听不到。""}, {""turn"": 18, ""coach"": ""你希望她能够固定的来给你一个支撑，能够去换个手，帮个忙。"", ""parent"": ""比如说我小孩很小的时候，我自己在家带孩子，小婴儿的时候24小时我一个人带，确实是很疲惫的。我妈妈住的很近，她走路就能到我家，她也没事，但不会提前告诉我什么时候来，空降，偶尔现身一下，然后很快走了。有的时候我很疲惫，小孩睡了，我要跟她一起休息一会，我妈来了，然后我就得起来跟她聊天。然后我就觉得这样就是互相也不太好，因为我的状态不好，好像也陪她不了，其实我那仅有的一点点时间，我就只想休息一下，然后我就跟她说，我说要不这样吧，我说反正你也总来，你要不固定的，你一周来三天，或者是你固定的周一、周几来，你给我做个午饭，然后咱们仨一起吃。她就没有应承这件事，然后就是一直是保持她的空降的这种频率。""}, {""turn"": 19, ""coach"": ""所以好像她会给你添麻烦，但是你希望她帮助你的时候又得不到支持。"", ""parent"": ""是的，但是她是做不到的。因为小孩在身边，我是睡不踏实的，她一动一翻身可能就会醒，然后有一次孩子很精神，我说妈你帮我跟她玩一会，我去睡一下，然后我这边刚躺下还没睡着，我妈就抱着小孩来了，跟我小孩说：“你跟你妈一块睡吧，我在这也没事干，那你们俩一块睡，我走了”，我感觉这种时候，她就会躲出去，或者是她没有明白我的那个点，她出现的频率对我来说就永远是不可控的。她想什么时候来就什么时候来，然后想什么时候走就什么时候走，但是我想让她来帮忙的时候，她要不然就有自己的事，要不然就可能不是像我想的那样。""}, {""turn"": 20, ""coach"": ""那你说这样的话，会有什么样不舒服的感觉？或者说这种自责是什么样的感觉？是怎么个自责法？"", ""parent"": ""但是像添麻烦这种话，我可能在这几年才会能够想象一下，以前我好像不敢这么想，我觉得她来不也是想看看我吗？应该是不能用添麻烦去指责她，我有这样的一些自责。""}, {""turn"": 21, ""coach"": ""这里好像会回到刚才的那个感觉上，就是好像如果你拒绝她的好心的话，这个就是不对的，你得去吻合上她的好心。"", ""parent"": ""就会觉得人家也是关心我，来看看我。虽然这个点掐的可能不是特别的合适，但是完全是出于好心，我不应该说她给我添麻烦。""}, {""turn"": 22, ""coach"": ""这个部分你好像花了三四十年的时间，虽然你不需要，但是在你的感觉里面你又不能推开她。"", ""parent"": ""对，就好像她想给我的和我需要的永远不在一个位置上。""}, {""turn"": 23, ""coach"": ""如果你内心里面把这个连接给关掉的话，是不是就可以？但是好像你内心里面有一个关卡，就是不能关掉这个部分，就是她愿意给你买多少，你觉得你就需要吃多少，你不需要，你觉得过期了扔了，你就会觉得你没有去满足到妈妈的好意。"", ""parent"": ""是的。一直用各种方法、各种态度、各种措辞，然后各种跟她说，或者通过我爸爸跟她说都没有用。""}, {""turn"": 24, ""coach"": ""如果她把这个沉重赋予在你身上，你推开这个沉重会怎么样？或者说如果你不吻合上妈妈期待，或她对你好，你就不领情，会怎么样呢？按道理来说，需要这个好意你就接受，不需要你就不接受，是吗？"", ""parent"": ""对，就是她给我的这个感情，总是让我觉得背负了一个很沉重的东西，从小到大她做一点事，就会让我看到她为我付出了，然后很疲惫，她嘴上也会这么说，然后她的神情、她的体态就是都会展示给我看，说我很累，我在为你做事。所以我感觉如果能用钱解决的事情，我就不想看到她为我做到这么累。但其实我知道这里面有一点点的表演成分，就是她好像是我们家的小女孩一样，她表现出很照顾你的样子，但其实是支撑不起来的。对，她很依赖我，她也没什么主意，然后大事上她也会很慌，所以我说我有事也不太会跟她说，我就感觉她承受不了。""}, {""turn"": 25, ""coach"": ""我们讲一个极端的情境，比如说你妈妈拎了两大包塞满了你的冰箱，然后你一看有些你要，有些你不要，然后你就清了一下，不要的放外面，等会要求她拿走，要的就放冰箱，假设你以这样的一个态度来去对待这个事情，会怎么样呢？"", ""parent"": ""那她带到家里来了，怎么能不接受呢？""}, {""turn"": 26, ""coach"": ""嗯，如果是这是个日常操作的话，那你沉重的部分在哪里？"", ""parent"": ""不是假设，是做过这样的事，实际上已经是让她带着走了，我不要，然后她就装包里带走，这已经算日常操作了。""}, {""turn"": 27, ""coach"": ""嗯，你心里面还是不忍心，对吧？你觉得这么重的东西这个老太太又要背回去。"", ""parent"": ""沉重，她又背这个又沉又大的包又回去了。""}, {""turn"": 28, ""coach"": ""看着一个老太太背着一个大包裹又回去了的背影，是什么样的一种内疚？"", ""parent"": ""对，就是这个感觉。""}, {""turn"": 29, ""coach"": ""你觉得是你让她这么累的，所以你会觉得自己有罪。"", ""parent"": ""对，就是那个背影就很心酸。本来我是好好的一下午挺开心的，然后就让她大包来大包走了，我就一下子觉得就很心酸。""}, {""turn"": 30, ""coach"": ""你尝试过这个部分吗？比如说你会和自己说，这是妈妈自己选择，她要这么去做，就要去承担的这个部分。"", ""parent"": ""对的，就感觉好像我这人什么也没做，还要去责怪别人。""}, {""turn"": 31, ""coach"": ""所以你一方面会觉得这个太沉重了，想挣脱一下，另外一方面会有担忧，你觉得这个其实对她真的太冷漠了，然后太不好了。"", ""parent"": ""想是会这么想。但妈妈会说我冷漠。我现在的感觉就是因为她岁数慢慢大了，我应该对她好的，但是我对她的态度总是不太好，那她岁数慢慢大了，我觉得以后会不会后悔？""}, {""turn"": 32, ""coach"": ""所以你之前没有跟其他咨询师谈过这个部分吗？你前面做的咨询里面有没有谈到过这个沉重到底是怎么来的吗？"", ""parent"": ""其实我也会奇怪，我自己都觉得这些其实都是日常的小事，如果换一个人，妈妈在身边时不时的过来看一下，给自己带好多东西，肯定会觉得很幸福，为什么到我心里面总有这种抵触的感觉？就是我链接不到妈妈对我的那个爱，总能感觉到这种沉重。""}, {""turn"": 33, ""coach"": ""怎么说？"", ""parent"": ""嗯，基本上谈的不会太深，我习惯性的谈了几次我就不想再继续了，因为咨询当中我自己的这种情绪，我觉得我自己有点不耐受。""}, {""turn"": 34, ""coach"": ""对于你来讲，把情绪释放出去的话你会内疚，所以你会收着，是这样吗？"", ""parent"": ""就是如果今天这个咨询结束，我的情绪正好是爆发在这个尾巴上的这个点，我要花时间去平复，我不太喜欢这个过程，我还是喜欢自己就是平静一些，我可能平时还是偏理性的。""}, {""turn"": 35, ""coach"": ""那我们讲讲现在的事吧，其实我有注意到，你刚刚一直想咳嗽，但是你好像一直在控制。"", ""parent"": ""可能就是觉得很消耗，就是自己爆发出来还得自己去收拾。就好像有伤口，你不去看它，它好像已经不疼了，但是你还要在这里把它撕开，撕开了之后还得再等它慢慢的再长出那个痂来，那就还是不要去撕了，就放在那吧。""}, {""turn"": 36, ""coach"": ""其实我蛮好奇的，你觉得如果你让我听到你的咳嗽会怎么样？"", ""parent"": ""是的。""}, {""turn"": 37, ""coach"": ""你怕吵到我吗？"", ""parent"": ""嗯，会很吵。""}, {""turn"": 38, ""coach"": ""在你的内心里面，你觉得吵到我，我会不舒服。"", ""parent"": ""对""}, {""turn"": 39, ""coach"": ""所以你咳嗽不让我知道，就跟你发烧了或者你感冒了，对方会被传染到是一样的感受，好像对面的那个人是承受不住的。你得先自己去解决，先自己去收拾，因为对面那个人承受不住。"", ""parent"": ""对。就比如说我这两天感冒了，有点发烧，然后咳嗽，这个在我们家日常的惯例是这样的，就是我妈妈会说，就是比如说谁感冒了就离远一点，别传染给她。那比如说我感冒了，我妈妈就她会打电话来问说啊？怎么样了？吃药了吗？但她肯定不会过来看我，因为她会怕被传染。我印象比较深的就是我当时怀孕的时候，就是月份特别大，就快生了时候就我一个人在家，然后那个时候我感冒了，然后就有点发烧，然后再难受我也得自己给自己弄点饭，妈妈会打电话问我怎么样，但是她不会来。但是我大学的时候有个好朋友，当时我生病在家，然后她就说让我过去看你。然后我说不要来了，别把你传染了，她说哪有这种说法？没关系，我就看着你，我身体可好了，我不怕你传，然后她就过来，然后当时让我也觉得就是，哦，还可以这样。""}, {""turn"": 40, ""coach"": ""嗯，所以你如果咨询时间长的话，或许你也会觉得对面那个人也不是太想给她添麻烦，然后出来情绪你得自己收拾。"", ""parent"": ""好像是这种感觉。对，就好像好多事都是我自己解决的，我自己的事情、我爸爸妈妈的事情，都是我自己在解决，所以不想给她们添麻烦，然后也不想让她们为我做一些事情，我就觉得背负的那个亲情太重。""}, {""turn"": 41, ""coach"": ""好像你从小到大，都没有人能够在精神上或者心理上支持到你。"", ""parent"": ""对，没觉得好像外人能帮我处理什么，好像从我从小到大的经验上也没有遇到过能帮我处理，就好像是能让我依靠一下的人。""}, {""turn"": 42, ""coach"": ""所以这就是你记忆中少有的温暖的被支持到的时刻。"", ""parent"": ""好像是没有。其实有一次，我小时遇到过一个挺大创伤，那时候，我身边的人，我爸爸妈妈都没有特别的反应，但我有一个表姨，她到我妈妈家做客，然后就谈到了我的这个创伤，我就躲到了厨房里面，状态不太好，然后表姨就到了厨房里，她给了我一个拥抱。那个拥抱我到现在还记得。然后我妈妈就说你快别这样了，你表姨一会心脏该不好受了，然后就把我们分开。这个好像是我记忆里面很少很少的得到支持的时候，所以已经过去十多年了，那个拥抱我现在想起来的时候还是觉得特别温暖。""}, {""turn"": 43, ""coach"": ""我在想今天其实你也会敞开一些情绪，今天是我们的咨询第一次，对吧？所以看上去好像也是在半路上。"", ""parent"": ""是的。我不知道心理咨询会不会温暖到我，帮我收拾情绪，所以可能就不太愿意让自己太敞开。但其实我是挺想敞开的，就是有一些东西在心里面不去处理，它始终是在那的，我能感觉得到我想去处理它，但是就是好像我自己的这个经验太少了。""}, {""turn"": 44, ""coach"": ""那如果想象一下，这一次的咨询结束之后，你会怎么来去收拾自己的情绪呢？"", ""parent"": ""是的，这次咨询，我觉得我的情绪是能够被托得住的。""}, {""turn"": 45, ""coach"": ""嗯。"", ""parent"": ""我是这种感觉，就是我需要觉得自己收拾的时候是因为我得到了回应，我可能会期待他有一些什么回应能托得住我，但是如果我看不到很稳定的回应的话，我可能就会自己去收拾。所以我今天虽然也有情绪，但是我觉得我在这个咨询时间里面是被回应到的，所以我感觉上是一会结束了之后，我不需要自己再去这个收拾情绪了。""}, {""turn"": 46, ""coach"": ""嗯，所以在你的预想当中，你是觉得这个场合是可以信任的，是能够去打开一些情绪的。"", ""parent"": ""我不知道自己有没有说清楚，就是一方面我可能不是特别敢于依赖别人，所以我很怕敞开自己，但是我又急于想敞开自己，让自己能够把有一些东西能够整理一下，能够该扔的就扔掉，不要在心里。所以我之前可能只是没有找到足够信任的人，所以才会习惯好多事一个人去处理。""}, {""turn"": 47, ""coach"": ""嗯。那种模式你觉得可以尝试吗？遇到这样的事情你会以你朋友的那种模式去处理事情吗？"", ""parent"": ""是的，如果我觉得不够安全或者不够信任的话，我可能就会回避，就走了，这好像也是一个模式。然后实际我跟其它的朋友交流的时候，我也会发现别的人不是我这样的模式，就是有一个朋友她跟我说她，她觉得咨询师不好，她就跟那个咨询师吵架，然后说你怎么这么不好？你怎么这样？我就挺奇怪的，因为如果我已经觉得她不好，我会立马离开，但是朋友是另一种模式。""}, {""turn"": 48, ""coach"": ""你那个朋友的那种状态，是以自己为主的。但你不是，可能你的需求一出来，或者你不满的表达一出来，你的内疚也就跟着来了。所以对于你来讲，如果你要去指责那个咨询师可能就很难，所以你选择自己躲开。"", ""parent"": ""不行，完全不行。我不太能理解这种模式，你已经觉得她不值得信任了，那你为什么不去换一个可以信任的人，为什么要指望她成长再跟你沟通。可能对于她来说，她也不太能理解，像我这样觉得不行就离开的行为模式。""}, {""turn"": 49, ""coach"": ""对啊，就像你刚才说你会觉得如果换一个人，妈妈给她背那么多东西来照顾她，然后总是来去给她买东西，可能会觉得还挺好的。但你妈妈的那个表达方式，你觉得她跨界了。"", ""parent"": ""对，我可能会觉得我不好。""}, {""turn"": 50, ""coach"": ""那这个时候你想到什么了？"", ""parent"": ""我觉得还是我不好，我也会觉得我跟这么大岁数的老太太说跨界，或者给我添麻烦了，或者她理解不到我的需求，我好像都说不出口。有时候我妈妈放完东西就走了，然后我就觉得说，你看我又欺负人老太太。""}]",0,t,,2025-09-08 10:44:21.372646+08,2025-09-08 10:44:21.372646+08
